Sample Type,Name,Sample ID,Filepath,Cell Line,Differentiation,Media,Additives,Instrument Method,Process Method,Calibration File,Position,Inj Vol,Level,Sample Wt,Sample Vol,ISTD Amt,Dil Factor,L1 ChannelSelect,L2 Client,L3 Laboratory,L4 Company,L5 Phone,Comment,Sample Name
Unknown,Blank_HILICneg_1,1,/Users/mitchjo/Datasets/MorPhic/03252023_iPSC_Pellets_Regularmethods/Blank_HILICneg_1.raw,None,None,None,None,C:\Xcalibur\methods\Maheshwor\Metabolomics-Lipidomics-Aria\03222022_MT_HILIC_neg_Aria_FS_60k_20min,,,B:A1,1,,0,0,0,1,,,,,,,
Unknown,Blank_HILICpos_1,1,/Users/mitchjo/Datasets/MorPhic/03252023_iPSC_Pellets_Regularmethods/Blank_HILICpos_1.raw,None,None,None,None,C:\Xcalibur\methods\Maheshwor\Metabolomics-Lipidomics-Aria\03222022_MT_HILIC_pos_Aria_FS_60k_20min,,,B:A1,1,,0,0,0,1,,,,,,,
Unknown,Blank_IS_HILICneg_1,1,/Users/mitchjo/Datasets/MorPhic/03252023_iPSC_Pellets_Regularmethods/Blank_IS_HILICneg_1.raw,None,None,None,None,C:\Xcalibur\methods\Maheshwor\Metabolomics-Lipidomics-Aria\03222022_MT_HILIC_neg_Aria_FS_60k_20min,,,B:A4,2,,0,0,0,1,,,,,,,
Unknown,Blank_IS_HILICneg_2,1,/Users/mitchjo/Datasets/MorPhic/03252023_iPSC_Pellets_Regularmethods/Blank_IS_HILICneg_2.raw,None,None,None,None,C:\Xcalibur\methods\Maheshwor\Metabolomics-Lipidomics-Aria\03222022_MT_HILIC_neg_Aria_FS_60k_20min,,,B:A4,2,,0,0,0,1,,,,,,,
Unknown,Blank_IS_HILICpos_1,1,/Users/mitchjo/Datasets/MorPhic/03252023_iPSC_Pellets_Regularmethods/Blank_IS_HILICpos_1.raw,None,None,None,None,C:\Xcalibur\methods\Maheshwor\Metabolomics-Lipidomics-Aria\03222022_MT_HILIC_pos_Aria_FS_60k_20min,,,B:A4,2,,0,0,0,1,,,,,,,
Unknown,Blank_IS_HILICpos_2,1,/Users/mitchjo/Datasets/MorPhic/03252023_iPSC_Pellets_Regularmethods/Blank_IS_HILICpos_2.raw,None,None,None,None,C:\Xcalibur\methods\Maheshwor\Metabolomics-Lipidomics-Aria\03222022_MT_HILIC_pos_Aria_FS_60k_20min,,,B:A4,2,,0,0,0,1,,,,,,,
Unknown,Blank_IS_RPneg_1,1,/Users/mitchjo/Datasets/MorPhic/03252023_iPSC_Pellets_Regularmethods/Blank_IS_RPneg_1.raw,None,None,None,None,C:\Xcalibur\methods\Maheshwor\Metabolomics-Lipidomics-Aria\20220322_MT_RPneg_Aria_FS_60Kres_20min,,,B:A3,2,,0,0,0,1,,,,,,,
Unknown,Blank_IS_RPneg_2,1,/Users/mitchjo/Datasets/MorPhic/03252023_iPSC_Pellets_Regularmethods/Blank_IS_RPneg_2.raw,None,None,None,None,C:\Xcalibur\methods\Maheshwor\Metabolomics-Lipidomics-Aria\20220322_MT_RPneg_Aria_FS_60Kres_20min,,,B:A3,2,,0,0,0,1,,,,,,,
Unknown,Blank_IS_RPpos_1,1,/Users/mitchjo/Datasets/MorPhic/03252023_iPSC_Pellets_Regularmethods/Blank_IS_RPpos_1.raw,None,None,None,None,C:\Xcalibur\methods\Maheshwor\Metabolomics-Lipidomics-Aria\20220322_MT_RPpos_Aria_FS_60Kres_20min,,,B:A3,2,,0,0,0,1,,,,,,,
Unknown,Blank_IS_RPpos_2,1,/Users/mitchjo/Datasets/MorPhic/03252023_iPSC_Pellets_Regularmethods/Blank_IS_RPpos_2.raw,None,None,None,None,C:\Xcalibur\methods\Maheshwor\Metabolomics-Lipidomics-Aria\20220322_MT_RPpos_Aria_FS_60Kres_20min,,,B:A3,2,,0,0,0,1,,,,,,,
Unknown,Blank_RPneg_1,1,/Users/mitchjo/Datasets/MorPhic/03252023_iPSC_Pellets_Regularmethods/Blank_RPneg_1.raw,None,None,None,None,C:\Xcalibur\methods\Maheshwor\Metabolomics-Lipidomics-Aria\20220322_MT_RPneg_Aria_FS_60Kres_20min,,,B:A1,1,,0,0,0,1,,,,,,,
Unknown,Blank_RPpos_1,1,/Users/mitchjo/Datasets/MorPhic/03252023_iPSC_Pellets_Regularmethods/Blank_RPpos_1.raw,None,None,None,None,C:\Xcalibur\methods\Maheshwor\Metabolomics-Lipidomics-Aria\20220322_MT_RPpos_Aria_FS_60Kres_20min,,,B:A1,1,,0,0,0,1,,,,,,,
Unknown,Pellets_1_HILICneg,1,/Users/mitchjo/Datasets/MorPhic/03252023_iPSC_Pellets_Regularmethods/Pellets_1_HILICneg.raw,wt,ipsc,basal,None,C:\Xcalibur\methods\Maheshwor\Metabolomics-Lipidomics-Aria\03222022_MT_HILIC_neg_Aria_FS_60k_20min,,,G:D1,3,,0,0,0,1,,,,,,,
Unknown,Pellets_1_HILICpos,1,/Users/mitchjo/Datasets/MorPhic/03252023_iPSC_Pellets_Regularmethods/Pellets_1_HILICpos.raw,wt,ipsc,basal,None,C:\Xcalibur\methods\Maheshwor\Metabolomics-Lipidomics-Aria\03222022_MT_HILIC_pos_Aria_FS_60k_20min,,,G:D1,3,,0,0,0,1,,,,,,,
Unknown,Pellets_1_Rpneg,1,/Users/mitchjo/Datasets/MorPhic/03252023_iPSC_Pellets_Regularmethods/Pellets_1_Rpneg.raw,wt,ipsc,basal,None,C:\Xcalibur\methods\Maheshwor\Metabolomics-Lipidomics-Aria\20220322_MT_RPneg_Aria_FS_60Kres_20min,,,G:C9,3,,0,0,0,1,,,,,,,
Unknown,Pellets_1_Rppos,1,/Users/mitchjo/Datasets/MorPhic/03252023_iPSC_Pellets_Regularmethods/Pellets_1_Rppos.raw,wt,ipsc,basal,None,C:\Xcalibur\methods\Maheshwor\Metabolomics-Lipidomics-Aria\20220322_MT_RPpos_Aria_FS_60Kres_20min,,,G:C9,3,,0,0,0,1,,,,,,,
Unknown,Pellets_10_HILICneg,1,/Users/mitchjo/Datasets/MorPhic/03252023_iPSC_Pellets_Regularmethods/Pellets_10_HILICneg.raw,cyp19a1 KO,ipsc,basal,dheas,C:\Xcalibur\methods\Maheshwor\Metabolomics-Lipidomics-Aria\03222022_MT_HILIC_neg_Aria_FS_60k_20min,,,G:C8,3,,0,0,0,1,,,,,,,
Unknown,Pellets_10_HILICpos,1,/Users/mitchjo/Datasets/MorPhic/03252023_iPSC_Pellets_Regularmethods/Pellets_10_HILICpos.raw,cyp19a1 KO,ipsc,basal,dheas,C:\Xcalibur\methods\Maheshwor\Metabolomics-Lipidomics-Aria\03222022_MT_HILIC_pos_Aria_FS_60k_20min,,,G:C8,3,,0,0,0,1,,,,,,,
Unknown,Pellets_10_Rpneg,1,/Users/mitchjo/Datasets/MorPhic/03252023_iPSC_Pellets_Regularmethods/Pellets_10_Rpneg.raw,cyp19a1 KO,ipsc,basal,dheas,C:\Xcalibur\methods\Maheshwor\Metabolomics-Lipidomics-Aria\20220322_MT_RPneg_Aria_FS_60Kres_20min,,,G:C7,3,,0,0,0,1,,,,,,,
Unknown,Pellets_10_Rppos,1,/Users/mitchjo/Datasets/MorPhic/03252023_iPSC_Pellets_Regularmethods/Pellets_10_Rppos.raw,cyp19a1 KO,ipsc,basal,dheas,C:\Xcalibur\methods\Maheshwor\Metabolomics-Lipidomics-Aria\20220322_MT_RPpos_Aria_FS_60Kres_20min,,,G:C7,3,,0,0,0,1,,,,,,,
Unknown,Pellets_11_HILICneg,1,/Users/mitchjo/Datasets/MorPhic/03252023_iPSC_Pellets_Regularmethods/Pellets_11_HILICneg.raw,cyp19a1 KO,ipsc,basal,dheas,C:\Xcalibur\methods\Maheshwor\Metabolomics-Lipidomics-Aria\03222022_MT_HILIC_neg_Aria_FS_60k_20min,,,R:F9,3,,0,0,0,1,,,,,,,
Unknown,Pellets_11_HILICpos,1,/Users/mitchjo/Datasets/MorPhic/03252023_iPSC_Pellets_Regularmethods/Pellets_11_HILICpos.raw,cyp19a1 KO,ipsc,basal,dheas,C:\Xcalibur\methods\Maheshwor\Metabolomics-Lipidomics-Aria\03222022_MT_HILIC_pos_Aria_FS_60k_20min,,,R:F9,3,,0,0,0,1,,,,,,,
Unknown,Pellets_11_Rpneg,1,/Users/mitchjo/Datasets/MorPhic/03252023_iPSC_Pellets_Regularmethods/Pellets_11_Rpneg.raw,cyp19a1 KO,ipsc,basal,dheas,C:\Xcalibur\methods\Maheshwor\Metabolomics-Lipidomics-Aria\20220322_MT_RPneg_Aria_FS_60Kres_20min,,,R:F8,3,,0,0,0,1,,,,,,,
Unknown,Pellets_11_Rppos,1,/Users/mitchjo/Datasets/MorPhic/03252023_iPSC_Pellets_Regularmethods/Pellets_11_Rppos.raw,cyp19a1 KO,ipsc,basal,dheas,C:\Xcalibur\methods\Maheshwor\Metabolomics-Lipidomics-Aria\20220322_MT_RPpos_Aria_FS_60Kres_20min,,,R:F8,3,,0,0,0,1,,,,,,,
Unknown,Pellets_12_HILICneg,1,/Users/mitchjo/Datasets/MorPhic/03252023_iPSC_Pellets_Regularmethods/Pellets_12_HILICneg.raw,cyp19a1 KO,ipsc,basal,dheas,C:\Xcalibur\methods\Maheshwor\Metabolomics-Lipidomics-Aria\03222022_MT_HILIC_neg_Aria_FS_60k_20min,,,G:A6,3,,0,0,0,1,,,,,,,
Unknown,Pellets_12_HILICpos,1,/Users/mitchjo/Datasets/MorPhic/03252023_iPSC_Pellets_Regularmethods/Pellets_12_HILICpos.raw,cyp19a1 KO,ipsc,basal,dheas,C:\Xcalibur\methods\Maheshwor\Metabolomics-Lipidomics-Aria\03222022_MT_HILIC_pos_Aria_FS_60k_20min,,,G:A6,3,,0,0,0,1,,,,,,,
Unknown,Pellets_12_Rpneg,1,/Users/mitchjo/Datasets/MorPhic/03252023_iPSC_Pellets_Regularmethods/Pellets_12_Rpneg.raw,cyp19a1 KO,ipsc,basal,dheas,C:\Xcalibur\methods\Maheshwor\Metabolomics-Lipidomics-Aria\20220322_MT_RPneg_Aria_FS_60Kres_20min,,,G:A5,3,,0,0,0,1,,,,,,,
Unknown,Pellets_12_Rppos,1,/Users/mitchjo/Datasets/MorPhic/03252023_iPSC_Pellets_Regularmethods/Pellets_12_Rppos.raw,cyp19a1 KO,ipsc,basal,dheas,C:\Xcalibur\methods\Maheshwor\Metabolomics-Lipidomics-Aria\20220322_MT_RPpos_Aria_FS_60Kres_20min,,,G:A5,3,,0,0,0,1,,,,,,,
Unknown,Pellets_13_HILICneg,1,/Users/mitchjo/Datasets/MorPhic/03252023_iPSC_Pellets_Regularmethods/Pellets_13_HILICneg.raw,prlr KO,ipsc,basal,None,C:\Xcalibur\methods\Maheshwor\Metabolomics-Lipidomics-Aria\03222022_MT_HILIC_neg_Aria_FS_60k_20min,,,R:B1,3,,0,0,0,1,,,,,,,
Unknown,Pellets_13_HILICpos,1,/Users/mitchjo/Datasets/MorPhic/03252023_iPSC_Pellets_Regularmethods/Pellets_13_HILICpos.raw,prlr KO,ipsc,basal,None,C:\Xcalibur\methods\Maheshwor\Metabolomics-Lipidomics-Aria\03222022_MT_HILIC_pos_Aria_FS_60k_20min,,,R:B1,3,,0,0,0,1,,,,,,,
Unknown,Pellets_13_Rpneg,1,/Users/mitchjo/Datasets/MorPhic/03252023_iPSC_Pellets_Regularmethods/Pellets_13_Rpneg.raw,prlr KO,ipsc,basal,None,C:\Xcalibur\methods\Maheshwor\Metabolomics-Lipidomics-Aria\20220322_MT_RPneg_Aria_FS_60Kres_20min,,,R:A9,3,,0,0,0,1,,,,,,,
Unknown,Pellets_13_Rppos,1,/Users/mitchjo/Datasets/MorPhic/03252023_iPSC_Pellets_Regularmethods/Pellets_13_Rppos.raw,prlr KO,ipsc,basal,None,C:\Xcalibur\methods\Maheshwor\Metabolomics-Lipidomics-Aria\20220322_MT_RPpos_Aria_FS_60Kres_20min,,,R:A9,3,,0,0,0,1,,,,,,,
Unknown,Pellets_14_HILICneg,1,/Users/mitchjo/Datasets/MorPhic/03252023_iPSC_Pellets_Regularmethods/Pellets_14_HILICneg.raw,prlr KO,ipsc,basal,None,C:\Xcalibur\methods\Maheshwor\Metabolomics-Lipidomics-Aria\03222022_MT_HILIC_neg_Aria_FS_60k_20min,,,R:D9,3,,0,0,0,1,,,,,,,
Unknown,Pellets_14_HILICpos,1,/Users/mitchjo/Datasets/MorPhic/03252023_iPSC_Pellets_Regularmethods/Pellets_14_HILICpos.raw,prlr KO,ipsc,basal,None,C:\Xcalibur\methods\Maheshwor\Metabolomics-Lipidomics-Aria\03222022_MT_HILIC_pos_Aria_FS_60k_20min,,,R:D9,3,,0,0,0,1,,,,,,,
Unknown,Pellets_14_Rpneg,1,/Users/mitchjo/Datasets/MorPhic/03252023_iPSC_Pellets_Regularmethods/Pellets_14_Rpneg.raw,prlr KO,ipsc,basal,None,C:\Xcalibur\methods\Maheshwor\Metabolomics-Lipidomics-Aria\20220322_MT_RPneg_Aria_FS_60Kres_20min,,,R:D8,3,,0,0,0,1,,,,,,,
Unknown,Pellets_14_Rppos,1,/Users/mitchjo/Datasets/MorPhic/03252023_iPSC_Pellets_Regularmethods/Pellets_14_Rppos.raw,prlr KO,ipsc,basal,None,C:\Xcalibur\methods\Maheshwor\Metabolomics-Lipidomics-Aria\20220322_MT_RPpos_Aria_FS_60Kres_20min,,,R:D8,3,,0,0,0,1,,,,,,,
Unknown,Pellets_15_HILICneg,1,/Users/mitchjo/Datasets/MorPhic/03252023_iPSC_Pellets_Regularmethods/Pellets_15_HILICneg.raw,prlr KO,ipsc,basal,None,C:\Xcalibur\methods\Maheshwor\Metabolomics-Lipidomics-Aria\03222022_MT_HILIC_neg_Aria_FS_60k_20min,,,G:F9,3,,0,0,0,1,,,,,,,
Unknown,Pellets_15_HILICpos,1,/Users/mitchjo/Datasets/MorPhic/03252023_iPSC_Pellets_Regularmethods/Pellets_15_HILICpos.raw,prlr KO,ipsc,basal,None,C:\Xcalibur\methods\Maheshwor\Metabolomics-Lipidomics-Aria\03222022_MT_HILIC_pos_Aria_FS_60k_20min,,,G:F9,3,,0,0,0,1,,,,,,,
Unknown,Pellets_15_Rpneg,1,/Users/mitchjo/Datasets/MorPhic/03252023_iPSC_Pellets_Regularmethods/Pellets_15_Rpneg.raw,prlr KO,ipsc,basal,None,C:\Xcalibur\methods\Maheshwor\Metabolomics-Lipidomics-Aria\20220322_MT_RPneg_Aria_FS_60Kres_20min,,,G:F8,3,,0,0,0,1,,,,,,,
Unknown,Pellets_15_Rppos,1,/Users/mitchjo/Datasets/MorPhic/03252023_iPSC_Pellets_Regularmethods/Pellets_15_Rppos.raw,prlr KO,ipsc,basal,None,C:\Xcalibur\methods\Maheshwor\Metabolomics-Lipidomics-Aria\20220322_MT_RPpos_Aria_FS_60Kres_20min,,,G:F8,3,,0,0,0,1,,,,,,,
Unknown,Pellets_16_HILICneg,1,/Users/mitchjo/Datasets/MorPhic/03252023_iPSC_Pellets_Regularmethods/Pellets_16_HILICneg.raw,prlr KO,ipsc,basal,prolactin,C:\Xcalibur\methods\Maheshwor\Metabolomics-Lipidomics-Aria\03222022_MT_HILIC_neg_Aria_FS_60k_20min,,,G:E2,3,,0,0,0,1,,,,,,,
Unknown,Pellets_16_HILICpos,1,/Users/mitchjo/Datasets/MorPhic/03252023_iPSC_Pellets_Regularmethods/Pellets_16_HILICpos.raw,prlr KO,ipsc,basal,prolactin,C:\Xcalibur\methods\Maheshwor\Metabolomics-Lipidomics-Aria\03222022_MT_HILIC_pos_Aria_FS_60k_20min,,,G:E2,3,,0,0,0,1,,,,,,,
Unknown,Pellets_16_Rpneg,1,/Users/mitchjo/Datasets/MorPhic/03252023_iPSC_Pellets_Regularmethods/Pellets_16_Rpneg.raw,prlr KO,ipsc,basal,prolactin,C:\Xcalibur\methods\Maheshwor\Metabolomics-Lipidomics-Aria\20220322_MT_RPneg_Aria_FS_60Kres_20min,,,G:E1,3,,0,0,0,1,,,,,,,
Unknown,Pellets_16_Rppos,1,/Users/mitchjo/Datasets/MorPhic/03252023_iPSC_Pellets_Regularmethods/Pellets_16_Rppos.raw,prlr KO,ipsc,basal,prolactin,C:\Xcalibur\methods\Maheshwor\Metabolomics-Lipidomics-Aria\20220322_MT_RPpos_Aria_FS_60Kres_20min,,,G:E1,3,,0,0,0,1,,,,,,,
Unknown,Pellets_17_HILICneg,1,/Users/mitchjo/Datasets/MorPhic/03252023_iPSC_Pellets_Regularmethods/Pellets_17_HILICneg.raw,prlr KO,ipsc,basal,prolactin,C:\Xcalibur\methods\Maheshwor\Metabolomics-Lipidomics-Aria\03222022_MT_HILIC_neg_Aria_FS_60k_20min,,,R:D5,3,,0,0,0,1,,,,,,,
Unknown,Pellets_17_HILICpos,1,/Users/mitchjo/Datasets/MorPhic/03252023_iPSC_Pellets_Regularmethods/Pellets_17_HILICpos.raw,prlr KO,ipsc,basal,prolactin,C:\Xcalibur\methods\Maheshwor\Metabolomics-Lipidomics-Aria\03222022_MT_HILIC_pos_Aria_FS_60k_20min,,,R:D5,3,,0,0,0,1,,,,,,,
Unknown,Pellets_17_Rpneg,1,/Users/mitchjo/Datasets/MorPhic/03252023_iPSC_Pellets_Regularmethods/Pellets_17_Rpneg.raw,prlr KO,ipsc,basal,prolactin,C:\Xcalibur\methods\Maheshwor\Metabolomics-Lipidomics-Aria\20220322_MT_RPneg_Aria_FS_60Kres_20min,,,R:D4,3,,0,0,0,1,,,,,,,
Unknown,Pellets_17_Rppos,1,/Users/mitchjo/Datasets/MorPhic/03252023_iPSC_Pellets_Regularmethods/Pellets_17_Rppos.raw,prlr KO,ipsc,basal,prolactin,C:\Xcalibur\methods\Maheshwor\Metabolomics-Lipidomics-Aria\20220322_MT_RPpos_Aria_FS_60Kres_20min,,,R:D4,3,,0,0,0,1,,,,,,,
Unknown,Pellets_18_HILICneg,1,/Users/mitchjo/Datasets/MorPhic/03252023_iPSC_Pellets_Regularmethods/Pellets_18_HILICneg.raw,prlr KO,ipsc,basal,prolactin,C:\Xcalibur\methods\Maheshwor\Metabolomics-Lipidomics-Aria\03222022_MT_HILIC_neg_Aria_FS_60k_20min,,,R:A2,3,,0,0,0,1,,,,,,,
Unknown,Pellets_18_HILICpos,1,/Users/mitchjo/Datasets/MorPhic/03252023_iPSC_Pellets_Regularmethods/Pellets_18_HILICpos.raw,prlr KO,ipsc,basal,prolactin,C:\Xcalibur\methods\Maheshwor\Metabolomics-Lipidomics-Aria\03222022_MT_HILIC_pos_Aria_FS_60k_20min,,,R:A2,3,,0,0,0,1,,,,,,,
Unknown,Pellets_18_Rpneg,1,/Users/mitchjo/Datasets/MorPhic/03252023_iPSC_Pellets_Regularmethods/Pellets_18_Rpneg.raw,prlr KO,ipsc,basal,prolactin,C:\Xcalibur\methods\Maheshwor\Metabolomics-Lipidomics-Aria\20220322_MT_RPneg_Aria_FS_60Kres_20min,,,R:A1,3,,0,0,0,1,,,,,,,
Unknown,Pellets_18_Rppos,1,/Users/mitchjo/Datasets/MorPhic/03252023_iPSC_Pellets_Regularmethods/Pellets_18_Rppos.raw,prlr KO,ipsc,basal,prolactin,C:\Xcalibur\methods\Maheshwor\Metabolomics-Lipidomics-Aria\20220322_MT_RPpos_Aria_FS_60Kres_20min,,,R:A1,3,,0,0,0,1,,,,,,,
Unknown,Pellets_19_HILICneg,1,/Users/mitchjo/Datasets/MorPhic/03252023_iPSC_Pellets_Regularmethods/Pellets_19_HILICneg.raw,cyp19a1 KO,differentiated,basal,None,C:\Xcalibur\methods\Maheshwor\Metabolomics-Lipidomics-Aria\03222022_MT_HILIC_neg_Aria_FS_60k_20min,,,R:B7,3,,0,0,0,1,,,,,,,
Unknown,Pellets_19_HILICpos,1,/Users/mitchjo/Datasets/MorPhic/03252023_iPSC_Pellets_Regularmethods/Pellets_19_HILICpos.raw,cyp19a1 KO,differentiated,basal,None,C:\Xcalibur\methods\Maheshwor\Metabolomics-Lipidomics-Aria\03222022_MT_HILIC_pos_Aria_FS_60k_20min,,,R:B7,3,,0,0,0,1,,,,,,,
Unknown,Pellets_19_Rpneg,1,/Users/mitchjo/Datasets/MorPhic/03252023_iPSC_Pellets_Regularmethods/Pellets_19_Rpneg.raw,cyp19a1 KO,differentiated,basal,None,C:\Xcalibur\methods\Maheshwor\Metabolomics-Lipidomics-Aria\20220322_MT_RPneg_Aria_FS_60Kres_20min,,,R:B6,3,,0,0,0,1,,,,,,,
Unknown,Pellets_19_Rppos,1,/Users/mitchjo/Datasets/MorPhic/03252023_iPSC_Pellets_Regularmethods/Pellets_19_Rppos.raw,cyp19a1 KO,differentiated,basal,None,C:\Xcalibur\methods\Maheshwor\Metabolomics-Lipidomics-Aria\20220322_MT_RPpos_Aria_FS_60Kres_20min,,,R:B6,3,,0,0,0,1,,,,,,,
Unknown,Pellets_2_HILICneg,1,/Users/mitchjo/Datasets/MorPhic/03252023_iPSC_Pellets_Regularmethods/Pellets_2_HILICneg.raw,wt,ipsc,basal,None,C:\Xcalibur\methods\Maheshwor\Metabolomics-Lipidomics-Aria\03222022_MT_HILIC_neg_Aria_FS_60k_20min,,,G:D9,3,,0,0,0,1,,,,,,,
Unknown,Pellets_2_HILICpos,1,/Users/mitchjo/Datasets/MorPhic/03252023_iPSC_Pellets_Regularmethods/Pellets_2_HILICpos.raw,wt,ipsc,basal,None,C:\Xcalibur\methods\Maheshwor\Metabolomics-Lipidomics-Aria\03222022_MT_HILIC_pos_Aria_FS_60k_20min,,,G:D9,3,,0,0,0,1,,,,,,,
Unknown,Pellets_2_Rpneg,1,/Users/mitchjo/Datasets/MorPhic/03252023_iPSC_Pellets_Regularmethods/Pellets_2_Rpneg.raw,wt,ipsc,basal,None,C:\Xcalibur\methods\Maheshwor\Metabolomics-Lipidomics-Aria\20220322_MT_RPneg_Aria_FS_60Kres_20min,,,G:D8,3,,0,0,0,1,,,,,,,
Unknown,Pellets_2_Rppos,1,/Users/mitchjo/Datasets/MorPhic/03252023_iPSC_Pellets_Regularmethods/Pellets_2_Rppos.raw,wt,ipsc,basal,None,C:\Xcalibur\methods\Maheshwor\Metabolomics-Lipidomics-Aria\20220322_MT_RPpos_Aria_FS_60Kres_20min,,,G:D8,3,,0,0,0,1,,,,,,,
Unknown,Pellets_20_HILICneg,1,/Users/mitchjo/Datasets/MorPhic/03252023_iPSC_Pellets_Regularmethods/Pellets_20_HILICneg.raw,cyp19a1 KO,differentiated,basal,None,C:\Xcalibur\methods\Maheshwor\Metabolomics-Lipidomics-Aria\03222022_MT_HILIC_neg_Aria_FS_60k_20min,,,R:E6,3,,0,0,0,1,,,,,,,
Unknown,Pellets_20_HILICpos,1,/Users/mitchjo/Datasets/MorPhic/03252023_iPSC_Pellets_Regularmethods/Pellets_20_HILICpos.raw,cyp19a1 KO,differentiated,basal,None,C:\Xcalibur\methods\Maheshwor\Metabolomics-Lipidomics-Aria\03222022_MT_HILIC_pos_Aria_FS_60k_20min,,,R:E6,3,,0,0,0,1,,,,,,,
Unknown,Pellets_20_Rpneg,1,/Users/mitchjo/Datasets/MorPhic/03252023_iPSC_Pellets_Regularmethods/Pellets_20_Rpneg.raw,cyp19a1 KO,differentiated,basal,None,C:\Xcalibur\methods\Maheshwor\Metabolomics-Lipidomics-Aria\20220322_MT_RPneg_Aria_FS_60Kres_20min,,,R:E5,3,,0,0,0,1,,,,,,,
Unknown,Pellets_20_Rppos,1,/Users/mitchjo/Datasets/MorPhic/03252023_iPSC_Pellets_Regularmethods/Pellets_20_Rppos.raw,cyp19a1 KO,differentiated,basal,None,C:\Xcalibur\methods\Maheshwor\Metabolomics-Lipidomics-Aria\20220322_MT_RPpos_Aria_FS_60Kres_20min,,,R:E5,3,,0,0,0,1,,,,,,,
Unknown,Pellets_21_HILICneg,1,/Users/mitchjo/Datasets/MorPhic/03252023_iPSC_Pellets_Regularmethods/Pellets_21_HILICneg.raw,cyp19a1 KO,differentiated,basal,None,C:\Xcalibur\methods\Maheshwor\Metabolomics-Lipidomics-Aria\03222022_MT_HILIC_neg_Aria_FS_60k_20min,,,G:E6,3,,0,0,0,1,,,,,,,
Unknown,Pellets_21_HILICpos,1,/Users/mitchjo/Datasets/MorPhic/03252023_iPSC_Pellets_Regularmethods/Pellets_21_HILICpos.raw,cyp19a1 KO,differentiated,basal,None,C:\Xcalibur\methods\Maheshwor\Metabolomics-Lipidomics-Aria\03222022_MT_HILIC_pos_Aria_FS_60k_20min,,,G:E6,3,,0,0,0,1,,,,,,,
Unknown,Pellets_21_Rpneg,1,/Users/mitchjo/Datasets/MorPhic/03252023_iPSC_Pellets_Regularmethods/Pellets_21_Rpneg.raw,cyp19a1 KO,differentiated,basal,None,C:\Xcalibur\methods\Maheshwor\Metabolomics-Lipidomics-Aria\20220322_MT_RPneg_Aria_FS_60Kres_20min,,,G:E5,3,,0,0,0,1,,,,,,,
Unknown,Pellets_21_Rppos,1,/Users/mitchjo/Datasets/MorPhic/03252023_iPSC_Pellets_Regularmethods/Pellets_21_Rppos.raw,cyp19a1 KO,differentiated,basal,None,C:\Xcalibur\methods\Maheshwor\Metabolomics-Lipidomics-Aria\20220322_MT_RPpos_Aria_FS_60Kres_20min,,,G:E5,3,,0,0,0,1,,,,,,,
Unknown,Pellets_22_HILICneg,1,/Users/mitchjo/Datasets/MorPhic/03252023_iPSC_Pellets_Regularmethods/Pellets_22_HILICneg.raw,cyp19a1 KO,differentiated,basal,dheas,C:\Xcalibur\methods\Maheshwor\Metabolomics-Lipidomics-Aria\03222022_MT_HILIC_neg_Aria_FS_60k_20min,,,G:D3,3,,0,0,0,1,,,,,,,
Unknown,Pellets_22_HILICpos,1,/Users/mitchjo/Datasets/MorPhic/03252023_iPSC_Pellets_Regularmethods/Pellets_22_HILICpos.raw,cyp19a1 KO,differentiated,basal,dheas,C:\Xcalibur\methods\Maheshwor\Metabolomics-Lipidomics-Aria\03222022_MT_HILIC_pos_Aria_FS_60k_20min,,,G:D3,3,,0,0,0,1,,,,,,,
Unknown,Pellets_22_Rpneg,1,/Users/mitchjo/Datasets/MorPhic/03252023_iPSC_Pellets_Regularmethods/Pellets_22_Rpneg.raw,cyp19a1 KO,differentiated,basal,dheas,C:\Xcalibur\methods\Maheshwor\Metabolomics-Lipidomics-Aria\20220322_MT_RPneg_Aria_FS_60Kres_20min,,,G:D2,3,,0,0,0,1,,,,,,,
Unknown,Pellets_22_Rppos,1,/Users/mitchjo/Datasets/MorPhic/03252023_iPSC_Pellets_Regularmethods/Pellets_22_Rppos.raw,cyp19a1 KO,differentiated,basal,dheas,C:\Xcalibur\methods\Maheshwor\Metabolomics-Lipidomics-Aria\20220322_MT_RPpos_Aria_FS_60Kres_20min,,,G:D2,3,,0,0,0,1,,,,,,,
Unknown,Pellets_23_HILICneg,1,/Users/mitchjo/Datasets/MorPhic/03252023_iPSC_Pellets_Regularmethods/Pellets_23_HILICneg.raw,cyp19a1 KO,differentiated,basal,dheas,C:\Xcalibur\methods\Maheshwor\Metabolomics-Lipidomics-Aria\03222022_MT_HILIC_neg_Aria_FS_60k_20min,,,G:B1,3,,0,0,0,1,,,,,,,
Unknown,Pellets_23_HILICpos,1,/Users/mitchjo/Datasets/MorPhic/03252023_iPSC_Pellets_Regularmethods/Pellets_23_HILICpos.raw,cyp19a1 KO,differentiated,basal,dheas,C:\Xcalibur\methods\Maheshwor\Metabolomics-Lipidomics-Aria\03222022_MT_HILIC_pos_Aria_FS_60k_20min,,,G:B1,3,,0,0,0,1,,,,,,,
Unknown,Pellets_23_Rpneg,1,/Users/mitchjo/Datasets/MorPhic/03252023_iPSC_Pellets_Regularmethods/Pellets_23_Rpneg.raw,cyp19a1 KO,differentiated,basal,dheas,C:\Xcalibur\methods\Maheshwor\Metabolomics-Lipidomics-Aria\20220322_MT_RPneg_Aria_FS_60Kres_20min,,,G:A9,3,,0,0,0,1,,,,,,,
Unknown,Pellets_23_Rppos,1,/Users/mitchjo/Datasets/MorPhic/03252023_iPSC_Pellets_Regularmethods/Pellets_23_Rppos.raw,cyp19a1 KO,differentiated,basal,dheas,C:\Xcalibur\methods\Maheshwor\Metabolomics-Lipidomics-Aria\20220322_MT_RPpos_Aria_FS_60Kres_20min,,,G:A9,3,,0,0,0,1,,,,,,,
Unknown,Pellets_24_HILICneg,1,/Users/mitchjo/Datasets/MorPhic/03252023_iPSC_Pellets_Regularmethods/Pellets_24_HILICneg.raw,cyp19a1 KO,differentiated,basal,dheas,C:\Xcalibur\methods\Maheshwor\Metabolomics-Lipidomics-Aria\03222022_MT_HILIC_neg_Aria_FS_60k_20min,,,R:C6,3,,0,0,0,1,,,,,,,
Unknown,Pellets_24_HILICpos,1,/Users/mitchjo/Datasets/MorPhic/03252023_iPSC_Pellets_Regularmethods/Pellets_24_HILICpos.raw,cyp19a1 KO,differentiated,basal,dheas,C:\Xcalibur\methods\Maheshwor\Metabolomics-Lipidomics-Aria\03222022_MT_HILIC_pos_Aria_FS_60k_20min,,,R:C6,3,,0,0,0,1,,,,,,,
Unknown,Pellets_24_Rpneg,1,/Users/mitchjo/Datasets/MorPhic/03252023_iPSC_Pellets_Regularmethods/Pellets_24_Rpneg.raw,cyp19a1 KO,differentiated,basal,dheas,C:\Xcalibur\methods\Maheshwor\Metabolomics-Lipidomics-Aria\20220322_MT_RPneg_Aria_FS_60Kres_20min,,,R:C5,3,,0,0,0,1,,,,,,,
Unknown,Pellets_24_Rppos,1,/Users/mitchjo/Datasets/MorPhic/03252023_iPSC_Pellets_Regularmethods/Pellets_24_Rppos.raw,cyp19a1 KO,differentiated,basal,dheas,C:\Xcalibur\methods\Maheshwor\Metabolomics-Lipidomics-Aria\20220322_MT_RPpos_Aria_FS_60Kres_20min,,,R:C5,3,,0,0,0,1,,,,,,,
Unknown,Pellets_25_HILICneg,1,/Users/mitchjo/Datasets/MorPhic/03252023_iPSC_Pellets_Regularmethods/Pellets_25_HILICneg.raw,prlr KO,differentiated,basal,None,C:\Xcalibur\methods\Maheshwor\Metabolomics-Lipidomics-Aria\03222022_MT_HILIC_neg_Aria_FS_60k_20min,,,G:C2,3,,0,0,0,1,,,,,,,
Unknown,Pellets_25_HILICpos,1,/Users/mitchjo/Datasets/MorPhic/03252023_iPSC_Pellets_Regularmethods/Pellets_25_HILICpos.raw,prlr KO,differentiated,basal,None,C:\Xcalibur\methods\Maheshwor\Metabolomics-Lipidomics-Aria\03222022_MT_HILIC_pos_Aria_FS_60k_20min,,,G:C2,3,,0,0,0,1,,,,,,,
Unknown,Pellets_25_Rpneg,1,/Users/mitchjo/Datasets/MorPhic/03252023_iPSC_Pellets_Regularmethods/Pellets_25_Rpneg.raw,prlr KO,differentiated,basal,None,C:\Xcalibur\methods\Maheshwor\Metabolomics-Lipidomics-Aria\20220322_MT_RPneg_Aria_FS_60Kres_20min,,,G:C1,3,,0,0,0,1,,,,,,,
Unknown,Pellets_25_Rppos,1,/Users/mitchjo/Datasets/MorPhic/03252023_iPSC_Pellets_Regularmethods/Pellets_25_Rppos.raw,prlr KO,differentiated,basal,None,C:\Xcalibur\methods\Maheshwor\Metabolomics-Lipidomics-Aria\20220322_MT_RPpos_Aria_FS_60Kres_20min,,,G:C1,3,,0,0,0,1,,,,,,,
Unknown,Pellets_26_HILICneg,1,/Users/mitchjo/Datasets/MorPhic/03252023_iPSC_Pellets_Regularmethods/Pellets_26_HILICneg.raw,prlr KO,differentiated,basal,None,C:\Xcalibur\methods\Maheshwor\Metabolomics-Lipidomics-Aria\03222022_MT_HILIC_neg_Aria_FS_60k_20min,,,G:A8,3,,0,0,0,1,,,,,,,
Unknown,Pellets_26_HILICpos,1,/Users/mitchjo/Datasets/MorPhic/03252023_iPSC_Pellets_Regularmethods/Pellets_26_HILICpos.raw,prlr KO,differentiated,basal,None,C:\Xcalibur\methods\Maheshwor\Metabolomics-Lipidomics-Aria\03222022_MT_HILIC_pos_Aria_FS_60k_20min,,,G:A8,3,,0,0,0,1,,,,,,,
Unknown,Pellets_26_Rpneg,1,/Users/mitchjo/Datasets/MorPhic/03252023_iPSC_Pellets_Regularmethods/Pellets_26_Rpneg.raw,prlr KO,differentiated,basal,None,C:\Xcalibur\methods\Maheshwor\Metabolomics-Lipidomics-Aria\20220322_MT_RPneg_Aria_FS_60Kres_20min,,,G:A7,3,,0,0,0,1,,,,,,,
Unknown,Pellets_26_Rppos,1,/Users/mitchjo/Datasets/MorPhic/03252023_iPSC_Pellets_Regularmethods/Pellets_26_Rppos.raw,prlr KO,differentiated,basal,None,C:\Xcalibur\methods\Maheshwor\Metabolomics-Lipidomics-Aria\20220322_MT_RPpos_Aria_FS_60Kres_20min,,,G:A7,3,,0,0,0,1,,,,,,,
Unknown,Pellets_27_HILICneg,1,/Users/mitchjo/Datasets/MorPhic/03252023_iPSC_Pellets_Regularmethods/Pellets_27_HILICneg.raw,prlr KO,differentiated,basal,None,C:\Xcalibur\methods\Maheshwor\Metabolomics-Lipidomics-Aria\03222022_MT_HILIC_neg_Aria_FS_60k_20min,,,G:B9,3,,0,0,0,1,,,,,,,
Unknown,Pellets_27_HILICpos,1,/Users/mitchjo/Datasets/MorPhic/03252023_iPSC_Pellets_Regularmethods/Pellets_27_HILICpos.raw,prlr KO,differentiated,basal,None,C:\Xcalibur\methods\Maheshwor\Metabolomics-Lipidomics-Aria\03222022_MT_HILIC_pos_Aria_FS_60k_20min,,,G:B9,3,,0,0,0,1,,,,,,,
Unknown,Pellets_27_Rpneg,1,/Users/mitchjo/Datasets/MorPhic/03252023_iPSC_Pellets_Regularmethods/Pellets_27_Rpneg.raw,prlr KO,differentiated,basal,None,C:\Xcalibur\methods\Maheshwor\Metabolomics-Lipidomics-Aria\20220322_MT_RPneg_Aria_FS_60Kres_20min,,,G:B8,3,,0,0,0,1,,,,,,,
Unknown,Pellets_27_Rppos,1,/Users/mitchjo/Datasets/MorPhic/03252023_iPSC_Pellets_Regularmethods/Pellets_27_Rppos.raw,prlr KO,differentiated,basal,None,C:\Xcalibur\methods\Maheshwor\Metabolomics-Lipidomics-Aria\20220322_MT_RPpos_Aria_FS_60Kres_20min,,,G:B8,3,,0,0,0,1,,,,,,,
Unknown,Pellets_28_HILICneg,1,/Users/mitchjo/Datasets/MorPhic/03252023_iPSC_Pellets_Regularmethods/Pellets_28_HILICneg.raw,prlr KO,differentiated,basal,prolactin,C:\Xcalibur\methods\Maheshwor\Metabolomics-Lipidomics-Aria\03222022_MT_HILIC_neg_Aria_FS_60k_20min,,,R:D7,3,,0,0,0,1,,,,,,,
Unknown,Pellets_28_HILICpos,1,/Users/mitchjo/Datasets/MorPhic/03252023_iPSC_Pellets_Regularmethods/Pellets_28_HILICpos.raw,prlr KO,differentiated,basal,prolactin,C:\Xcalibur\methods\Maheshwor\Metabolomics-Lipidomics-Aria\03222022_MT_HILIC_pos_Aria_FS_60k_20min,,,R:D7,3,,0,0,0,1,,,,,,,
Unknown,Pellets_28_Rpneg,1,/Users/mitchjo/Datasets/MorPhic/03252023_iPSC_Pellets_Regularmethods/Pellets_28_Rpneg.raw,prlr KO,differentiated,basal,prolactin,C:\Xcalibur\methods\Maheshwor\Metabolomics-Lipidomics-Aria\20220322_MT_RPneg_Aria_FS_60Kres_20min,,,R:D6,3,,0,0,0,1,,,,,,,
Unknown,Pellets_28_Rppos,1,/Users/mitchjo/Datasets/MorPhic/03252023_iPSC_Pellets_Regularmethods/Pellets_28_Rppos.raw,prlr KO,differentiated,basal,prolactin,C:\Xcalibur\methods\Maheshwor\Metabolomics-Lipidomics-Aria\20220322_MT_RPpos_Aria_FS_60Kres_20min,,,R:D6,3,,0,0,0,1,,,,,,,
Unknown,Pellets_29_HILICneg,1,/Users/mitchjo/Datasets/MorPhic/03252023_iPSC_Pellets_Regularmethods/Pellets_29_HILICneg.raw,prlr KO,differentiated,basal,prolactin,C:\Xcalibur\methods\Maheshwor\Metabolomics-Lipidomics-Aria\03222022_MT_HILIC_neg_Aria_FS_60k_20min,,,R:C2,3,,0,0,0,1,,,,,,,
Unknown,Pellets_29_HILICpos,1,/Users/mitchjo/Datasets/MorPhic/03252023_iPSC_Pellets_Regularmethods/Pellets_29_HILICpos.raw,prlr KO,differentiated,basal,prolactin,C:\Xcalibur\methods\Maheshwor\Metabolomics-Lipidomics-Aria\03222022_MT_HILIC_pos_Aria_FS_60k_20min,,,R:C2,3,,0,0,0,1,,,,,,,
Unknown,Pellets_29_Rpneg,1,/Users/mitchjo/Datasets/MorPhic/03252023_iPSC_Pellets_Regularmethods/Pellets_29_Rpneg.raw,prlr KO,differentiated,basal,prolactin,C:\Xcalibur\methods\Maheshwor\Metabolomics-Lipidomics-Aria\20220322_MT_RPneg_Aria_FS_60Kres_20min,,,R:C1,3,,0,0,0,1,,,,,,,
Unknown,Pellets_29_Rppos,1,/Users/mitchjo/Datasets/MorPhic/03252023_iPSC_Pellets_Regularmethods/Pellets_29_Rppos.raw,prlr KO,differentiated,basal,prolactin,C:\Xcalibur\methods\Maheshwor\Metabolomics-Lipidomics-Aria\20220322_MT_RPpos_Aria_FS_60Kres_20min,,,R:C1,3,,0,0,0,1,,,,,,,
Unknown,Pellets_3_HILICneg,1,/Users/mitchjo/Datasets/MorPhic/03252023_iPSC_Pellets_Regularmethods/Pellets_3_HILICneg.raw,wt,ipsc,basal,None,C:\Xcalibur\methods\Maheshwor\Metabolomics-Lipidomics-Aria\03222022_MT_HILIC_neg_Aria_FS_60k_20min,,,G:E8,3,,0,0,0,1,,,,,,,
Unknown,Pellets_3_HILICpos,1,/Users/mitchjo/Datasets/MorPhic/03252023_iPSC_Pellets_Regularmethods/Pellets_3_HILICpos.raw,wt,ipsc,basal,None,C:\Xcalibur\methods\Maheshwor\Metabolomics-Lipidomics-Aria\03222022_MT_HILIC_pos_Aria_FS_60k_20min,,,G:E8,3,,0,0,0,1,,,,,,,
Unknown,Pellets_3_Rpneg,1,/Users/mitchjo/Datasets/MorPhic/03252023_iPSC_Pellets_Regularmethods/Pellets_3_Rpneg.raw,wt,ipsc,basal,None,C:\Xcalibur\methods\Maheshwor\Metabolomics-Lipidomics-Aria\20220322_MT_RPneg_Aria_FS_60Kres_20min,,,G:E7,3,,0,0,0,1,,,,,,,
Unknown,Pellets_3_Rppos,1,/Users/mitchjo/Datasets/MorPhic/03252023_iPSC_Pellets_Regularmethods/Pellets_3_Rppos.raw,wt,ipsc,basal,None,C:\Xcalibur\methods\Maheshwor\Metabolomics-Lipidomics-Aria\20220322_MT_RPpos_Aria_FS_60Kres_20min,,,G:E7,3,,0,0,0,1,,,,,,,
Unknown,Pellets_30_HILICneg,1,/Users/mitchjo/Datasets/MorPhic/03252023_iPSC_Pellets_Regularmethods/Pellets_30_HILICneg.raw,prlr KO,differentiated,basal,prolactin,C:\Xcalibur\methods\Maheshwor\Metabolomics-Lipidomics-Aria\03222022_MT_HILIC_neg_Aria_FS_60k_20min,,,G:F7,3,,0,0,0,1,,,,,,,
Unknown,Pellets_30_HILICpos,1,/Users/mitchjo/Datasets/MorPhic/03252023_iPSC_Pellets_Regularmethods/Pellets_30_HILICpos.raw,prlr KO,differentiated,basal,prolactin,C:\Xcalibur\methods\Maheshwor\Metabolomics-Lipidomics-Aria\03222022_MT_HILIC_pos_Aria_FS_60k_20min,,,G:F7,3,,0,0,0,1,,,,,,,
Unknown,Pellets_30_Rpneg,1,/Users/mitchjo/Datasets/MorPhic/03252023_iPSC_Pellets_Regularmethods/Pellets_30_Rpneg.raw,prlr KO,differentiated,basal,prolactin,C:\Xcalibur\methods\Maheshwor\Metabolomics-Lipidomics-Aria\20220322_MT_RPneg_Aria_FS_60Kres_20min,,,G:F6,3,,0,0,0,1,,,,,,,
Unknown,Pellets_30_Rppos,1,/Users/mitchjo/Datasets/MorPhic/03252023_iPSC_Pellets_Regularmethods/Pellets_30_Rppos.raw,prlr KO,differentiated,basal,prolactin,C:\Xcalibur\methods\Maheshwor\Metabolomics-Lipidomics-Aria\20220322_MT_RPpos_Aria_FS_60Kres_20min,,,G:F6,3,,0,0,0,1,,,,,,,
Unknown,Pellets_31_HILICneg,1,/Users/mitchjo/Datasets/MorPhic/03252023_iPSC_Pellets_Regularmethods/Pellets_31_HILICneg.raw,prlr KO,differentiated,basal,None,C:\Xcalibur\methods\Maheshwor\Metabolomics-Lipidomics-Aria\03222022_MT_HILIC_neg_Aria_FS_60k_20min,,,R:E8,3,,0,0,0,1,,,,,,,
Unknown,Pellets_31_HILICpos,1,/Users/mitchjo/Datasets/MorPhic/03252023_iPSC_Pellets_Regularmethods/Pellets_31_HILICpos.raw,prlr KO,differentiated,basal,None,C:\Xcalibur\methods\Maheshwor\Metabolomics-Lipidomics-Aria\03222022_MT_HILIC_pos_Aria_FS_60k_20min,,,R:E8,3,,0,0,0,1,,,,,,,
Unknown,Pellets_31_Rpneg,1,/Users/mitchjo/Datasets/MorPhic/03252023_iPSC_Pellets_Regularmethods/Pellets_31_Rpneg.raw,prlr KO,differentiated,basal,None,C:\Xcalibur\methods\Maheshwor\Metabolomics-Lipidomics-Aria\20220322_MT_RPneg_Aria_FS_60Kres_20min,,,R:E7,3,,0,0,0,1,,,,,,,
Unknown,Pellets_31_Rppos,1,/Users/mitchjo/Datasets/MorPhic/03252023_iPSC_Pellets_Regularmethods/Pellets_31_Rppos.raw,prlr KO,differentiated,basal,None,C:\Xcalibur\methods\Maheshwor\Metabolomics-Lipidomics-Aria\20220322_MT_RPpos_Aria_FS_60Kres_20min,,,R:E7,3,,0,0,0,1,,,,,,,
Unknown,Pellets_32_HILICneg,1,/Users/mitchjo/Datasets/MorPhic/03252023_iPSC_Pellets_Regularmethods/Pellets_32_HILICneg.raw,prlr KO,differentiated,basal,None,C:\Xcalibur\methods\Maheshwor\Metabolomics-Lipidomics-Aria\03222022_MT_HILIC_neg_Aria_FS_60k_20min,,,G:F3,3,,0,0,0,1,,,,,,,
Unknown,Pellets_32_HILICpos,1,/Users/mitchjo/Datasets/MorPhic/03252023_iPSC_Pellets_Regularmethods/Pellets_32_HILICpos.raw,prlr KO,differentiated,basal,None,C:\Xcalibur\methods\Maheshwor\Metabolomics-Lipidomics-Aria\03222022_MT_HILIC_pos_Aria_FS_60k_20min,,,G:F3,3,,0,0,0,1,,,,,,,
Unknown,Pellets_32_Rpneg,1,/Users/mitchjo/Datasets/MorPhic/03252023_iPSC_Pellets_Regularmethods/Pellets_32_Rpneg.raw,prlr KO,differentiated,basal,None,C:\Xcalibur\methods\Maheshwor\Metabolomics-Lipidomics-Aria\20220322_MT_RPneg_Aria_FS_60Kres_20min,,,G:F2,3,,0,0,0,1,,,,,,,
Unknown,Pellets_32_Rppos,1,/Users/mitchjo/Datasets/MorPhic/03252023_iPSC_Pellets_Regularmethods/Pellets_32_Rppos.raw,prlr KO,differentiated,basal,None,C:\Xcalibur\methods\Maheshwor\Metabolomics-Lipidomics-Aria\20220322_MT_RPpos_Aria_FS_60Kres_20min,,,G:F2,3,,0,0,0,1,,,,,,,
Unknown,Pellets_33_HILICneg,1,/Users/mitchjo/Datasets/MorPhic/03252023_iPSC_Pellets_Regularmethods/Pellets_33_HILICneg.raw,prlr KO,differentiated,basal,None,C:\Xcalibur\methods\Maheshwor\Metabolomics-Lipidomics-Aria\03222022_MT_HILIC_neg_Aria_FS_60k_20min,,,G:C6,3,,0,0,0,1,,,,,,,
Unknown,Pellets_33_HILICpos,1,/Users/mitchjo/Datasets/MorPhic/03252023_iPSC_Pellets_Regularmethods/Pellets_33_HILICpos.raw,prlr KO,differentiated,basal,None,C:\Xcalibur\methods\Maheshwor\Metabolomics-Lipidomics-Aria\03222022_MT_HILIC_pos_Aria_FS_60k_20min,,,G:C6,3,,0,0,0,1,,,,,,,
Unknown,Pellets_33_Rpneg,1,/Users/mitchjo/Datasets/MorPhic/03252023_iPSC_Pellets_Regularmethods/Pellets_33_Rpneg.raw,prlr KO,differentiated,basal,None,C:\Xcalibur\methods\Maheshwor\Metabolomics-Lipidomics-Aria\20220322_MT_RPneg_Aria_FS_60Kres_20min,,,G:C5,3,,0,0,0,1,,,,,,,
Unknown,Pellets_33_Rppos,1,/Users/mitchjo/Datasets/MorPhic/03252023_iPSC_Pellets_Regularmethods/Pellets_33_Rppos.raw,prlr KO,differentiated,basal,None,C:\Xcalibur\methods\Maheshwor\Metabolomics-Lipidomics-Aria\20220322_MT_RPpos_Aria_FS_60Kres_20min,,,G:C5,3,,0,0,0,1,,,,,,,
Unknown,Pellets_34_HILICneg,1,/Users/mitchjo/Datasets/MorPhic/03252023_iPSC_Pellets_Regularmethods/Pellets_34_HILICneg.raw,prlr KO,differentiated,complex,None,C:\Xcalibur\methods\Maheshwor\Metabolomics-Lipidomics-Aria\03222022_MT_HILIC_neg_Aria_FS_60k_20min,,,G:E4,3,,0,0,0,1,,,,,,,
Unknown,Pellets_34_HILICpos,1,/Users/mitchjo/Datasets/MorPhic/03252023_iPSC_Pellets_Regularmethods/Pellets_34_HILICpos.raw,prlr KO,differentiated,complex,None,C:\Xcalibur\methods\Maheshwor\Metabolomics-Lipidomics-Aria\03222022_MT_HILIC_pos_Aria_FS_60k_20min,,,G:E4,3,,0,0,0,1,,,,,,,
Unknown,Pellets_34_Rpneg,1,/Users/mitchjo/Datasets/MorPhic/03252023_iPSC_Pellets_Regularmethods/Pellets_34_Rpneg.raw,prlr KO,differentiated,complex,None,C:\Xcalibur\methods\Maheshwor\Metabolomics-Lipidomics-Aria\20220322_MT_RPneg_Aria_FS_60Kres_20min,,,G:E3,3,,0,0,0,1,,,,,,,
Unknown,Pellets_34_Rppos,1,/Users/mitchjo/Datasets/MorPhic/03252023_iPSC_Pellets_Regularmethods/Pellets_34_Rppos.raw,prlr KO,differentiated,complex,None,C:\Xcalibur\methods\Maheshwor\Metabolomics-Lipidomics-Aria\20220322_MT_RPpos_Aria_FS_60Kres_20min,,,G:E3,3,,0,0,0,1,,,,,,,
Unknown,Pellets_35_HILICneg,1,/Users/mitchjo/Datasets/MorPhic/03252023_iPSC_Pellets_Regularmethods/Pellets_35_HILICneg.raw,prlr KO,differentiated,complex,None,C:\Xcalibur\methods\Maheshwor\Metabolomics-Lipidomics-Aria\03222022_MT_HILIC_neg_Aria_FS_60k_20min,,,G:B3,3,,0,0,0,1,,,,,,,
Unknown,Pellets_35_HILICpos,1,/Users/mitchjo/Datasets/MorPhic/03252023_iPSC_Pellets_Regularmethods/Pellets_35_HILICpos.raw,prlr KO,differentiated,complex,None,C:\Xcalibur\methods\Maheshwor\Metabolomics-Lipidomics-Aria\03222022_MT_HILIC_pos_Aria_FS_60k_20min,,,G:B3,3,,0,0,0,1,,,,,,,
Unknown,Pellets_35_Rpneg,1,/Users/mitchjo/Datasets/MorPhic/03252023_iPSC_Pellets_Regularmethods/Pellets_35_Rpneg.raw,prlr KO,differentiated,complex,None,C:\Xcalibur\methods\Maheshwor\Metabolomics-Lipidomics-Aria\20220322_MT_RPneg_Aria_FS_60Kres_20min,,,G:B2,3,,0,0,0,1,,,,,,,
Unknown,Pellets_35_Rppos,1,/Users/mitchjo/Datasets/MorPhic/03252023_iPSC_Pellets_Regularmethods/Pellets_35_Rppos.raw,prlr KO,differentiated,complex,None,C:\Xcalibur\methods\Maheshwor\Metabolomics-Lipidomics-Aria\20220322_MT_RPpos_Aria_FS_60Kres_20min,,,G:B2,3,,0,0,0,1,,,,,,,
Unknown,Pellets_36_HILICneg,1,/Users/mitchjo/Datasets/MorPhic/03252023_iPSC_Pellets_Regularmethods/Pellets_36_HILICneg.raw,prlr KO,differentiated,complex,None,C:\Xcalibur\methods\Maheshwor\Metabolomics-Lipidomics-Aria\03222022_MT_HILIC_neg_Aria_FS_60k_20min,,,R:F5,3,,0,0,0,1,,,,,,,
Unknown,Pellets_36_HILICpos,1,/Users/mitchjo/Datasets/MorPhic/03252023_iPSC_Pellets_Regularmethods/Pellets_36_HILICpos.raw,prlr KO,differentiated,complex,None,C:\Xcalibur\methods\Maheshwor\Metabolomics-Lipidomics-Aria\03222022_MT_HILIC_pos_Aria_FS_60k_20min,,,R:F5,3,,0,0,0,1,,,,,,,
Unknown,Pellets_36_Rpneg,1,/Users/mitchjo/Datasets/MorPhic/03252023_iPSC_Pellets_Regularmethods/Pellets_36_Rpneg.raw,prlr KO,differentiated,complex,None,C:\Xcalibur\methods\Maheshwor\Metabolomics-Lipidomics-Aria\20220322_MT_RPneg_Aria_FS_60Kres_20min,,,R:F4,3,,0,0,0,1,,,,,,,
Unknown,Pellets_36_Rppos,1,/Users/mitchjo/Datasets/MorPhic/03252023_iPSC_Pellets_Regularmethods/Pellets_36_Rppos.raw,prlr KO,differentiated,complex,None,C:\Xcalibur\methods\Maheshwor\Metabolomics-Lipidomics-Aria\20220322_MT_RPpos_Aria_FS_60Kres_20min,,,R:F4,3,,0,0,0,1,,,,,,,
Unknown,Pellets_37_HILICneg,1,/Users/mitchjo/Datasets/MorPhic/03252023_iPSC_Pellets_Regularmethods/Pellets_37_HILICneg.raw,ptn KO,differentiated,basal,None,C:\Xcalibur\methods\Maheshwor\Metabolomics-Lipidomics-Aria\03222022_MT_HILIC_neg_Aria_FS_60k_20min,,,R:C8,3,,0,0,0,1,,,,,,,
Unknown,Pellets_37_HILICpos,1,/Users/mitchjo/Datasets/MorPhic/03252023_iPSC_Pellets_Regularmethods/Pellets_37_HILICpos.raw,ptn KO,differentiated,basal,None,C:\Xcalibur\methods\Maheshwor\Metabolomics-Lipidomics-Aria\03222022_MT_HILIC_pos_Aria_FS_60k_20min,,,R:C8,3,,0,0,0,1,,,,,,,
Unknown,Pellets_37_Rpneg,1,/Users/mitchjo/Datasets/MorPhic/03252023_iPSC_Pellets_Regularmethods/Pellets_37_Rpneg.raw,ptn KO,differentiated,basal,None,C:\Xcalibur\methods\Maheshwor\Metabolomics-Lipidomics-Aria\20220322_MT_RPneg_Aria_FS_60Kres_20min,,,R:C7,3,,0,0,0,1,,,,,,,
Unknown,Pellets_37_Rppos,1,/Users/mitchjo/Datasets/MorPhic/03252023_iPSC_Pellets_Regularmethods/Pellets_37_Rppos.raw,ptn KO,differentiated,basal,None,C:\Xcalibur\methods\Maheshwor\Metabolomics-Lipidomics-Aria\20220322_MT_RPpos_Aria_FS_60Kres_20min,,,R:C7,3,,0,0,0,1,,,,,,,
Unknown,Pellets_38_HILICneg,1,/Users/mitchjo/Datasets/MorPhic/03252023_iPSC_Pellets_Regularmethods/Pellets_38_HILICneg.raw,ptn KO,differentiated,basal,None,C:\Xcalibur\methods\Maheshwor\Metabolomics-Lipidomics-Aria\03222022_MT_HILIC_neg_Aria_FS_60k_20min,,,R:B5,3,,0,0,0,1,,,,,,,
Unknown,Pellets_38_HILICpos,1,/Users/mitchjo/Datasets/MorPhic/03252023_iPSC_Pellets_Regularmethods/Pellets_38_HILICpos.raw,ptn KO,differentiated,basal,None,C:\Xcalibur\methods\Maheshwor\Metabolomics-Lipidomics-Aria\03222022_MT_HILIC_pos_Aria_FS_60k_20min,,,R:B5,3,,0,0,0,1,,,,,,,
Unknown,Pellets_38_Rpneg,1,/Users/mitchjo/Datasets/MorPhic/03252023_iPSC_Pellets_Regularmethods/Pellets_38_Rpneg.raw,ptn KO,differentiated,basal,None,C:\Xcalibur\methods\Maheshwor\Metabolomics-Lipidomics-Aria\20220322_MT_RPneg_Aria_FS_60Kres_20min,,,R:B4,3,,0,0,0,1,,,,,,,
Unknown,Pellets_38_Rppos,1,/Users/mitchjo/Datasets/MorPhic/03252023_iPSC_Pellets_Regularmethods/Pellets_38_Rppos.raw,ptn KO,differentiated,basal,None,C:\Xcalibur\methods\Maheshwor\Metabolomics-Lipidomics-Aria\20220322_MT_RPpos_Aria_FS_60Kres_20min,,,R:B4,3,,0,0,0,1,,,,,,,
Unknown,Pellets_39_HILICneg,1,/Users/mitchjo/Datasets/MorPhic/03252023_iPSC_Pellets_Regularmethods/Pellets_39_HILICneg.raw,ptn KO,differentiated,basal,None,C:\Xcalibur\methods\Maheshwor\Metabolomics-Lipidomics-Aria\03222022_MT_HILIC_neg_Aria_FS_60k_20min,,,R:B3,3,,0,0,0,1,,,,,,,
Unknown,Pellets_39_HILICpos,1,/Users/mitchjo/Datasets/MorPhic/03252023_iPSC_Pellets_Regularmethods/Pellets_39_HILICpos.raw,ptn KO,differentiated,basal,None,C:\Xcalibur\methods\Maheshwor\Metabolomics-Lipidomics-Aria\03222022_MT_HILIC_pos_Aria_FS_60k_20min,,,R:B3,3,,0,0,0,1,,,,,,,
Unknown,Pellets_39_Rpneg,1,/Users/mitchjo/Datasets/MorPhic/03252023_iPSC_Pellets_Regularmethods/Pellets_39_Rpneg.raw,ptn KO,differentiated,basal,None,C:\Xcalibur\methods\Maheshwor\Metabolomics-Lipidomics-Aria\20220322_MT_RPneg_Aria_FS_60Kres_20min,,,R:B2,3,,0,0,0,1,,,,,,,
Unknown,Pellets_39_Rppos,1,/Users/mitchjo/Datasets/MorPhic/03252023_iPSC_Pellets_Regularmethods/Pellets_39_Rppos.raw,ptn KO,differentiated,basal,None,C:\Xcalibur\methods\Maheshwor\Metabolomics-Lipidomics-Aria\20220322_MT_RPpos_Aria_FS_60Kres_20min,,,R:B2,3,,0,0,0,1,,,,,,,
Unknown,Pellets_4_HILICneg,1,/Users/mitchjo/Datasets/MorPhic/03252023_iPSC_Pellets_Regularmethods/Pellets_4_HILICneg.raw,ptn KO,ipsc,basal,None,C:\Xcalibur\methods\Maheshwor\Metabolomics-Lipidomics-Aria\03222022_MT_HILIC_neg_Aria_FS_60k_20min,,,G:C4,3,,0,0,0,1,,,,,,,
Unknown,Pellets_4_HILICpos,1,/Users/mitchjo/Datasets/MorPhic/03252023_iPSC_Pellets_Regularmethods/Pellets_4_HILICpos.raw,ptn KO,ipsc,basal,None,C:\Xcalibur\methods\Maheshwor\Metabolomics-Lipidomics-Aria\03222022_MT_HILIC_pos_Aria_FS_60k_20min,,,G:C4,3,,0,0,0,1,,,,,,,
Unknown,Pellets_4_Rpneg,1,/Users/mitchjo/Datasets/MorPhic/03252023_iPSC_Pellets_Regularmethods/Pellets_4_Rpneg.raw,ptn KO,ipsc,basal,None,C:\Xcalibur\methods\Maheshwor\Metabolomics-Lipidomics-Aria\20220322_MT_RPneg_Aria_FS_60Kres_20min,,,G:C3,3,,0,0,0,1,,,,,,,
Unknown,Pellets_4_Rppos,1,/Users/mitchjo/Datasets/MorPhic/03252023_iPSC_Pellets_Regularmethods/Pellets_4_Rppos.raw,ptn KO,ipsc,basal,None,C:\Xcalibur\methods\Maheshwor\Metabolomics-Lipidomics-Aria\20220322_MT_RPpos_Aria_FS_60Kres_20min,,,G:C3,3,,0,0,0,1,,,,,,,
Unknown,Pellets_40_HILICneg,1,/Users/mitchjo/Datasets/MorPhic/03252023_iPSC_Pellets_Regularmethods/Pellets_40_HILICneg.raw,ptn KO,differentiated,complex,None,C:\Xcalibur\methods\Maheshwor\Metabolomics-Lipidomics-Aria\03222022_MT_HILIC_neg_Aria_FS_60k_20min,,,G:B5,3,,0,0,0,1,,,,,,,
Unknown,Pellets_40_HILICpos,1,/Users/mitchjo/Datasets/MorPhic/03252023_iPSC_Pellets_Regularmethods/Pellets_40_HILICpos.raw,ptn KO,differentiated,complex,None,C:\Xcalibur\methods\Maheshwor\Metabolomics-Lipidomics-Aria\03222022_MT_HILIC_pos_Aria_FS_60k_20min,,,G:B5,3,,0,0,0,1,,,,,,,
Unknown,Pellets_40_Rpneg,1,/Users/mitchjo/Datasets/MorPhic/03252023_iPSC_Pellets_Regularmethods/Pellets_40_Rpneg.raw,ptn KO,differentiated,complex,None,C:\Xcalibur\methods\Maheshwor\Metabolomics-Lipidomics-Aria\20220322_MT_RPneg_Aria_FS_60Kres_20min,,,G:B4,3,,0,0,0,1,,,,,,,
Unknown,Pellets_40_Rppos,1,/Users/mitchjo/Datasets/MorPhic/03252023_iPSC_Pellets_Regularmethods/Pellets_40_Rppos.raw,ptn KO,differentiated,complex,None,C:\Xcalibur\methods\Maheshwor\Metabolomics-Lipidomics-Aria\20220322_MT_RPpos_Aria_FS_60Kres_20min,,,G:B4,3,,0,0,0,1,,,,,,,
Unknown,Pellets_41_HILICneg,1,/Users/mitchjo/Datasets/MorPhic/03252023_iPSC_Pellets_Regularmethods/Pellets_41_HILICneg.raw,ptn KO,differentiated,complex,None,C:\Xcalibur\methods\Maheshwor\Metabolomics-Lipidomics-Aria\03222022_MT_HILIC_neg_Aria_FS_60k_20min,,,G:B7,3,,0,0,0,1,,,,,,,
Unknown,Pellets_41_HILICpos,1,/Users/mitchjo/Datasets/MorPhic/03252023_iPSC_Pellets_Regularmethods/Pellets_41_HILICpos.raw,ptn KO,differentiated,complex,None,C:\Xcalibur\methods\Maheshwor\Metabolomics-Lipidomics-Aria\03222022_MT_HILIC_pos_Aria_FS_60k_20min,,,G:B7,3,,0,0,0,1,,,,,,,
Unknown,Pellets_41_Rpneg,1,/Users/mitchjo/Datasets/MorPhic/03252023_iPSC_Pellets_Regularmethods/Pellets_41_Rpneg.raw,ptn KO,differentiated,complex,None,C:\Xcalibur\methods\Maheshwor\Metabolomics-Lipidomics-Aria\20220322_MT_RPneg_Aria_FS_60Kres_20min,,,G:B6,3,,0,0,0,1,,,,,,,
Unknown,Pellets_41_Rppos,1,/Users/mitchjo/Datasets/MorPhic/03252023_iPSC_Pellets_Regularmethods/Pellets_41_Rppos.raw,ptn KO,differentiated,complex,None,C:\Xcalibur\methods\Maheshwor\Metabolomics-Lipidomics-Aria\20220322_MT_RPpos_Aria_FS_60Kres_20min,,,G:B6,3,,0,0,0,1,,,,,,,
Unknown,Pellets_42_HILICneg,1,/Users/mitchjo/Datasets/MorPhic/03252023_iPSC_Pellets_Regularmethods/Pellets_42_HILICneg.raw,ptn KO,differentiated,complex,None,C:\Xcalibur\methods\Maheshwor\Metabolomics-Lipidomics-Aria\03222022_MT_HILIC_neg_Aria_FS_60k_20min,,,R:A6,3,,0,0,0,1,,,,,,,
Unknown,Pellets_42_HILICpos,1,/Users/mitchjo/Datasets/MorPhic/03252023_iPSC_Pellets_Regularmethods/Pellets_42_HILICpos.raw,ptn KO,differentiated,complex,None,C:\Xcalibur\methods\Maheshwor\Metabolomics-Lipidomics-Aria\03222022_MT_HILIC_pos_Aria_FS_60k_20min,,,R:A6,3,,0,0,0,1,,,,,,,
Unknown,Pellets_42_Rpneg,1,/Users/mitchjo/Datasets/MorPhic/03252023_iPSC_Pellets_Regularmethods/Pellets_42_Rpneg.raw,ptn KO,differentiated,complex,None,C:\Xcalibur\methods\Maheshwor\Metabolomics-Lipidomics-Aria\20220322_MT_RPneg_Aria_FS_60Kres_20min,,,R:A5,3,,0,0,0,1,,,,,,,
Unknown,Pellets_42_Rppos,1,/Users/mitchjo/Datasets/MorPhic/03252023_iPSC_Pellets_Regularmethods/Pellets_42_Rppos.raw,ptn KO,differentiated,complex,None,C:\Xcalibur\methods\Maheshwor\Metabolomics-Lipidomics-Aria\20220322_MT_RPpos_Aria_FS_60Kres_20min,,,R:A5,3,,0,0,0,1,,,,,,,
Unknown,Pellets_43_HILICneg,1,/Users/mitchjo/Datasets/MorPhic/03252023_iPSC_Pellets_Regularmethods/Pellets_43_HILICneg.raw,wt,differentiated,basal,None,C:\Xcalibur\methods\Maheshwor\Metabolomics-Lipidomics-Aria\03222022_MT_HILIC_neg_Aria_FS_60k_20min,,,R:E2,3,,0,0,0,1,,,,,,,
Unknown,Pellets_43_HILICpos,1,/Users/mitchjo/Datasets/MorPhic/03252023_iPSC_Pellets_Regularmethods/Pellets_43_HILICpos.raw,wt,differentiated,basal,None,C:\Xcalibur\methods\Maheshwor\Metabolomics-Lipidomics-Aria\03222022_MT_HILIC_pos_Aria_FS_60k_20min,,,R:E2,3,,0,0,0,1,,,,,,,
Unknown,Pellets_43_Rpneg,1,/Users/mitchjo/Datasets/MorPhic/03252023_iPSC_Pellets_Regularmethods/Pellets_43_Rpneg.raw,wt,differentiated,basal,None,C:\Xcalibur\methods\Maheshwor\Metabolomics-Lipidomics-Aria\20220322_MT_RPneg_Aria_FS_60Kres_20min,,,R:E1,3,,0,0,0,1,,,,,,,
Unknown,Pellets_43_Rppos,1,/Users/mitchjo/Datasets/MorPhic/03252023_iPSC_Pellets_Regularmethods/Pellets_43_Rppos.raw,wt,differentiated,basal,None,C:\Xcalibur\methods\Maheshwor\Metabolomics-Lipidomics-Aria\20220322_MT_RPpos_Aria_FS_60Kres_20min,,,R:E1,3,,0,0,0,1,,,,,,,
Unknown,Pellets_44_HILICneg,1,/Users/mitchjo/Datasets/MorPhic/03252023_iPSC_Pellets_Regularmethods/Pellets_44_HILICneg.raw,wt,differentiated,basal,None,C:\Xcalibur\methods\Maheshwor\Metabolomics-Lipidomics-Aria\03222022_MT_HILIC_neg_Aria_FS_60k_20min,,,R:F3,3,,0,0,0,1,,,,,,,
Unknown,Pellets_44_HILICpos,1,/Users/mitchjo/Datasets/MorPhic/03252023_iPSC_Pellets_Regularmethods/Pellets_44_HILICpos.raw,wt,differentiated,basal,None,C:\Xcalibur\methods\Maheshwor\Metabolomics-Lipidomics-Aria\03222022_MT_HILIC_pos_Aria_FS_60k_20min,,,R:F3,3,,0,0,0,1,,,,,,,
Unknown,Pellets_44_Rpneg,1,/Users/mitchjo/Datasets/MorPhic/03252023_iPSC_Pellets_Regularmethods/Pellets_44_Rpneg.raw,wt,differentiated,basal,None,C:\Xcalibur\methods\Maheshwor\Metabolomics-Lipidomics-Aria\20220322_MT_RPneg_Aria_FS_60Kres_20min,,,R:F2,3,,0,0,0,1,,,,,,,
Unknown,Pellets_44_Rppos,1,/Users/mitchjo/Datasets/MorPhic/03252023_iPSC_Pellets_Regularmethods/Pellets_44_Rppos.raw,wt,differentiated,basal,None,C:\Xcalibur\methods\Maheshwor\Metabolomics-Lipidomics-Aria\20220322_MT_RPpos_Aria_FS_60Kres_20min,,,R:F2,3,,0,0,0,1,,,,,,,
Unknown,Pellets_45_HILICneg,1,/Users/mitchjo/Datasets/MorPhic/03252023_iPSC_Pellets_Regularmethods/Pellets_45_HILICneg.raw,wt,differentiated,basal,None,C:\Xcalibur\methods\Maheshwor\Metabolomics-Lipidomics-Aria\03222022_MT_HILIC_neg_Aria_FS_60k_20min,,,G:A4,3,,0,0,0,1,,,,,,,
Unknown,Pellets_45_HILICpos,1,/Users/mitchjo/Datasets/MorPhic/03252023_iPSC_Pellets_Regularmethods/Pellets_45_HILICpos.raw,wt,differentiated,basal,None,C:\Xcalibur\methods\Maheshwor\Metabolomics-Lipidomics-Aria\03222022_MT_HILIC_pos_Aria_FS_60k_20min,,,G:A4,3,,0,0,0,1,,,,,,,
Unknown,Pellets_45_Rpneg,1,/Users/mitchjo/Datasets/MorPhic/03252023_iPSC_Pellets_Regularmethods/Pellets_45_Rpneg.raw,wt,differentiated,basal,None,C:\Xcalibur\methods\Maheshwor\Metabolomics-Lipidomics-Aria\20220322_MT_RPneg_Aria_FS_60Kres_20min,,,G:A3,3,,0,0,0,1,,,,,,,
Unknown,Pellets_45_Rppos,1,/Users/mitchjo/Datasets/MorPhic/03252023_iPSC_Pellets_Regularmethods/Pellets_45_Rppos.raw,wt,differentiated,basal,None,C:\Xcalibur\methods\Maheshwor\Metabolomics-Lipidomics-Aria\20220322_MT_RPpos_Aria_FS_60Kres_20min,,,G:A3,3,,0,0,0,1,,,,,,,
Unknown,Pellets_46_HILICneg,1,/Users/mitchjo/Datasets/MorPhic/03252023_iPSC_Pellets_Regularmethods/Pellets_46_HILICneg.raw,wt,differentiated,complex,None,C:\Xcalibur\methods\Maheshwor\Metabolomics-Lipidomics-Aria\03222022_MT_HILIC_neg_Aria_FS_60k_20min,,,R:A4,3,,0,0,0,1,,,,,,,
Unknown,Pellets_46_HILICpos,1,/Users/mitchjo/Datasets/MorPhic/03252023_iPSC_Pellets_Regularmethods/Pellets_46_HILICpos.raw,wt,differentiated,complex,None,C:\Xcalibur\methods\Maheshwor\Metabolomics-Lipidomics-Aria\03222022_MT_HILIC_pos_Aria_FS_60k_20min,,,R:A4,3,,0,0,0,1,,,,,,,
Unknown,Pellets_46_Rpneg,1,/Users/mitchjo/Datasets/MorPhic/03252023_iPSC_Pellets_Regularmethods/Pellets_46_Rpneg.raw,wt,differentiated,complex,None,C:\Xcalibur\methods\Maheshwor\Metabolomics-Lipidomics-Aria\20220322_MT_RPneg_Aria_FS_60Kres_20min,,,R:A3,3,,0,0,0,1,,,,,,,
Unknown,Pellets_46_Rppos,1,/Users/mitchjo/Datasets/MorPhic/03252023_iPSC_Pellets_Regularmethods/Pellets_46_Rppos.raw,wt,differentiated,complex,None,C:\Xcalibur\methods\Maheshwor\Metabolomics-Lipidomics-Aria\20220322_MT_RPpos_Aria_FS_60Kres_20min,,,R:A3,3,,0,0,0,1,,,,,,,
Unknown,Pellets_47_HILICneg,1,/Users/mitchjo/Datasets/MorPhic/03252023_iPSC_Pellets_Regularmethods/Pellets_47_HILICneg.raw,wt,differentiated,complex,None,C:\Xcalibur\methods\Maheshwor\Metabolomics-Lipidomics-Aria\03222022_MT_HILIC_neg_Aria_FS_60k_20min,,,R:D3,3,,0,0,0,1,,,,,,,
Unknown,Pellets_47_HILICpos,1,/Users/mitchjo/Datasets/MorPhic/03252023_iPSC_Pellets_Regularmethods/Pellets_47_HILICpos.raw,wt,differentiated,complex,None,C:\Xcalibur\methods\Maheshwor\Metabolomics-Lipidomics-Aria\03222022_MT_HILIC_pos_Aria_FS_60k_20min,,,R:D3,3,,0,0,0,1,,,,,,,
Unknown,Pellets_47_Rpneg,1,/Users/mitchjo/Datasets/MorPhic/03252023_iPSC_Pellets_Regularmethods/Pellets_47_Rpneg.raw,wt,differentiated,complex,None,C:\Xcalibur\methods\Maheshwor\Metabolomics-Lipidomics-Aria\20220322_MT_RPneg_Aria_FS_60Kres_20min,,,R:D2,3,,0,0,0,1,,,,,,,
Unknown,Pellets_47_Rppos,1,/Users/mitchjo/Datasets/MorPhic/03252023_iPSC_Pellets_Regularmethods/Pellets_47_Rppos.raw,wt,differentiated,complex,None,C:\Xcalibur\methods\Maheshwor\Metabolomics-Lipidomics-Aria\20220322_MT_RPpos_Aria_FS_60Kres_20min,,,R:D2,3,,0,0,0,1,,,,,,,
Unknown,Pellets_48_HILICneg,1,/Users/mitchjo/Datasets/MorPhic/03252023_iPSC_Pellets_Regularmethods/Pellets_48_HILICneg.raw,wt,differentiated,complex,None,C:\Xcalibur\methods\Maheshwor\Metabolomics-Lipidomics-Aria\03222022_MT_HILIC_neg_Aria_FS_60k_20min,,,R:A8,3,,0,0,0,1,,,,,,,
Unknown,Pellets_48_HILICpos,1,/Users/mitchjo/Datasets/MorPhic/03252023_iPSC_Pellets_Regularmethods/Pellets_48_HILICpos.raw,wt,differentiated,complex,None,C:\Xcalibur\methods\Maheshwor\Metabolomics-Lipidomics-Aria\03222022_MT_HILIC_pos_Aria_FS_60k_20min,,,R:A8,3,,0,0,0,1,,,,,,,
Unknown,Pellets_48_Rpneg,1,/Users/mitchjo/Datasets/MorPhic/03252023_iPSC_Pellets_Regularmethods/Pellets_48_Rpneg.raw,wt,differentiated,complex,None,C:\Xcalibur\methods\Maheshwor\Metabolomics-Lipidomics-Aria\20220322_MT_RPneg_Aria_FS_60Kres_20min,,,R:A7,3,,0,0,0,1,,,,,,,
Unknown,Pellets_48_Rppos,1,/Users/mitchjo/Datasets/MorPhic/03252023_iPSC_Pellets_Regularmethods/Pellets_48_Rppos.raw,wt,differentiated,complex,None,C:\Xcalibur\methods\Maheshwor\Metabolomics-Lipidomics-Aria\20220322_MT_RPpos_Aria_FS_60Kres_20min,,,R:A7,3,,0,0,0,1,,,,,,,
Unknown,Pellets_49_HILICneg,1,/Users/mitchjo/Datasets/MorPhic/03252023_iPSC_Pellets_Regularmethods/Pellets_49_HILICneg.raw,cyp19a1 KO,differentiated,basal,None,C:\Xcalibur\methods\Maheshwor\Metabolomics-Lipidomics-Aria\03222022_MT_HILIC_neg_Aria_FS_60k_20min,,,R:F7,3,,0,0,0,1,,,,,,,
Unknown,Pellets_49_HILICpos,1,/Users/mitchjo/Datasets/MorPhic/03252023_iPSC_Pellets_Regularmethods/Pellets_49_HILICpos.raw,cyp19a1 KO,differentiated,basal,None,C:\Xcalibur\methods\Maheshwor\Metabolomics-Lipidomics-Aria\03222022_MT_HILIC_pos_Aria_FS_60k_20min,,,R:F7,3,,0,0,0,1,,,,,,,
Unknown,Pellets_49_Rpneg,1,/Users/mitchjo/Datasets/MorPhic/03252023_iPSC_Pellets_Regularmethods/Pellets_49_Rpneg.raw,cyp19a1 KO,differentiated,basal,None,C:\Xcalibur\methods\Maheshwor\Metabolomics-Lipidomics-Aria\20220322_MT_RPneg_Aria_FS_60Kres_20min,,,R:F6,3,,0,0,0,1,,,,,,,
Unknown,Pellets_49_Rppos,1,/Users/mitchjo/Datasets/MorPhic/03252023_iPSC_Pellets_Regularmethods/Pellets_49_Rppos.raw,cyp19a1 KO,differentiated,basal,None,C:\Xcalibur\methods\Maheshwor\Metabolomics-Lipidomics-Aria\20220322_MT_RPpos_Aria_FS_60Kres_20min,,,R:F6,3,,0,0,0,1,,,,,,,
Unknown,Pellets_5_HILICneg,1,/Users/mitchjo/Datasets/MorPhic/03252023_iPSC_Pellets_Regularmethods/Pellets_5_HILICneg.raw,ptn KO,ipsc,basal,None,C:\Xcalibur\methods\Maheshwor\Metabolomics-Lipidomics-Aria\03222022_MT_HILIC_neg_Aria_FS_60k_20min,,,G:F5,3,,0,0,0,1,,,,,,,
Unknown,Pellets_5_HILICpos,1,/Users/mitchjo/Datasets/MorPhic/03252023_iPSC_Pellets_Regularmethods/Pellets_5_HILICpos.raw,ptn KO,ipsc,basal,None,C:\Xcalibur\methods\Maheshwor\Metabolomics-Lipidomics-Aria\03222022_MT_HILIC_pos_Aria_FS_60k_20min,,,G:F5,3,,0,0,0,1,,,,,,,
Unknown,Pellets_5_Rpneg,1,/Users/mitchjo/Datasets/MorPhic/03252023_iPSC_Pellets_Regularmethods/Pellets_5_Rpneg.raw,ptn KO,ipsc,basal,None,C:\Xcalibur\methods\Maheshwor\Metabolomics-Lipidomics-Aria\20220322_MT_RPneg_Aria_FS_60Kres_20min,,,G:F4,3,,0,0,0,1,,,,,,,
Unknown,Pellets_5_Rppos,1,/Users/mitchjo/Datasets/MorPhic/03252023_iPSC_Pellets_Regularmethods/Pellets_5_Rppos.raw,ptn KO,ipsc,basal,None,C:\Xcalibur\methods\Maheshwor\Metabolomics-Lipidomics-Aria\20220322_MT_RPpos_Aria_FS_60Kres_20min,,,G:F4,3,,0,0,0,1,,,,,,,
Unknown,Pellets_50_HILICneg,1,/Users/mitchjo/Datasets/MorPhic/03252023_iPSC_Pellets_Regularmethods/Pellets_50_HILICneg.raw,cyp19a1 KO,differentiated,basal,None,C:\Xcalibur\methods\Maheshwor\Metabolomics-Lipidomics-Aria\03222022_MT_HILIC_neg_Aria_FS_60k_20min,,,G:D5,3,,0,0,0,1,,,,,,,
Unknown,Pellets_50_HILICpos,1,/Users/mitchjo/Datasets/MorPhic/03252023_iPSC_Pellets_Regularmethods/Pellets_50_HILICpos.raw,cyp19a1 KO,differentiated,basal,None,C:\Xcalibur\methods\Maheshwor\Metabolomics-Lipidomics-Aria\03222022_MT_HILIC_pos_Aria_FS_60k_20min,,,G:D5,3,,0,0,0,1,,,,,,,
Unknown,Pellets_50_Rpneg,1,/Users/mitchjo/Datasets/MorPhic/03252023_iPSC_Pellets_Regularmethods/Pellets_50_Rpneg.raw,cyp19a1 KO,differentiated,basal,None,C:\Xcalibur\methods\Maheshwor\Metabolomics-Lipidomics-Aria\20220322_MT_RPneg_Aria_FS_60Kres_20min,,,G:D4,3,,0,0,0,1,,,,,,,
Unknown,Pellets_50_Rppos,1,/Users/mitchjo/Datasets/MorPhic/03252023_iPSC_Pellets_Regularmethods/Pellets_50_Rppos.raw,cyp19a1 KO,differentiated,basal,None,C:\Xcalibur\methods\Maheshwor\Metabolomics-Lipidomics-Aria\20220322_MT_RPpos_Aria_FS_60Kres_20min,,,G:D4,3,,0,0,0,1,,,,,,,
Unknown,Pellets_51_HILICneg,1,/Users/mitchjo/Datasets/MorPhic/03252023_iPSC_Pellets_Regularmethods/Pellets_51_HILICneg.raw,cyp19a1 KO,differentiated,basal,None,C:\Xcalibur\methods\Maheshwor\Metabolomics-Lipidomics-Aria\03222022_MT_HILIC_neg_Aria_FS_60k_20min,,,G:A2,3,,0,0,0,1,,,,,,,
Unknown,Pellets_51_HILICpos,1,/Users/mitchjo/Datasets/MorPhic/03252023_iPSC_Pellets_Regularmethods/Pellets_51_HILICpos.raw,cyp19a1 KO,differentiated,basal,None,C:\Xcalibur\methods\Maheshwor\Metabolomics-Lipidomics-Aria\03222022_MT_HILIC_pos_Aria_FS_60k_20min,,,G:A2,3,,0,0,0,1,,,,,,,
Unknown,Pellets_51_Rpneg,1,/Users/mitchjo/Datasets/MorPhic/03252023_iPSC_Pellets_Regularmethods/Pellets_51_Rpneg.raw,cyp19a1 KO,differentiated,basal,None,C:\Xcalibur\methods\Maheshwor\Metabolomics-Lipidomics-Aria\20220322_MT_RPneg_Aria_FS_60Kres_20min,,,G:A1,3,,0,0,0,1,,,,,,,
Unknown,Pellets_51_Rppos,1,/Users/mitchjo/Datasets/MorPhic/03252023_iPSC_Pellets_Regularmethods/Pellets_51_Rppos.raw,cyp19a1 KO,differentiated,basal,None,C:\Xcalibur\methods\Maheshwor\Metabolomics-Lipidomics-Aria\20220322_MT_RPpos_Aria_FS_60Kres_20min,,,G:A1,3,,0,0,0,1,,,,,,,
Unknown,Pellets_52_HILICneg,1,/Users/mitchjo/Datasets/MorPhic/03252023_iPSC_Pellets_Regularmethods/Pellets_52_HILICneg.raw,cyp19a1 KO,differentiated,complex,None,C:\Xcalibur\methods\Maheshwor\Metabolomics-Lipidomics-Aria\03222022_MT_HILIC_neg_Aria_FS_60k_20min,,,R:E4,3,,0,0,0,1,,,,,,,
Unknown,Pellets_52_HILICpos,1,/Users/mitchjo/Datasets/MorPhic/03252023_iPSC_Pellets_Regularmethods/Pellets_52_HILICpos.raw,cyp19a1 KO,differentiated,complex,None,C:\Xcalibur\methods\Maheshwor\Metabolomics-Lipidomics-Aria\03222022_MT_HILIC_pos_Aria_FS_60k_20min,,,R:E4,3,,0,0,0,1,,,,,,,
Unknown,Pellets_52_Rpneg,1,/Users/mitchjo/Datasets/MorPhic/03252023_iPSC_Pellets_Regularmethods/Pellets_52_Rpneg.raw,cyp19a1 KO,differentiated,complex,None,C:\Xcalibur\methods\Maheshwor\Metabolomics-Lipidomics-Aria\20220322_MT_RPneg_Aria_FS_60Kres_20min,,,R:E3,3,,0,0,0,1,,,,,,,
Unknown,Pellets_52_Rppos,1,/Users/mitchjo/Datasets/MorPhic/03252023_iPSC_Pellets_Regularmethods/Pellets_52_Rppos.raw,cyp19a1 KO,differentiated,complex,None,C:\Xcalibur\methods\Maheshwor\Metabolomics-Lipidomics-Aria\20220322_MT_RPpos_Aria_FS_60Kres_20min,,,R:E3,3,,0,0,0,1,,,,,,,
Unknown,Pellets_53_HILICneg,1,/Users/mitchjo/Datasets/MorPhic/03252023_iPSC_Pellets_Regularmethods/Pellets_53_HILICneg.raw,cyp19a1 KO,differentiated,complex,None,C:\Xcalibur\methods\Maheshwor\Metabolomics-Lipidomics-Aria\03222022_MT_HILIC_neg_Aria_FS_60k_20min,,,G:F1,3,,0,0,0,1,,,,,,,
Unknown,Pellets_53_HILICpos,1,/Users/mitchjo/Datasets/MorPhic/03252023_iPSC_Pellets_Regularmethods/Pellets_53_HILICpos.raw,cyp19a1 KO,differentiated,complex,None,C:\Xcalibur\methods\Maheshwor\Metabolomics-Lipidomics-Aria\03222022_MT_HILIC_pos_Aria_FS_60k_20min,,,G:F1,3,,0,0,0,1,,,,,,,
Unknown,Pellets_53_Rpneg,1,/Users/mitchjo/Datasets/MorPhic/03252023_iPSC_Pellets_Regularmethods/Pellets_53_Rpneg.raw,cyp19a1 KO,differentiated,complex,None,C:\Xcalibur\methods\Maheshwor\Metabolomics-Lipidomics-Aria\20220322_MT_RPneg_Aria_FS_60Kres_20min,,,G:E9,3,,0,0,0,1,,,,,,,
Unknown,Pellets_53_Rppos,1,/Users/mitchjo/Datasets/MorPhic/03252023_iPSC_Pellets_Regularmethods/Pellets_53_Rppos.raw,cyp19a1 KO,differentiated,complex,None,C:\Xcalibur\methods\Maheshwor\Metabolomics-Lipidomics-Aria\20220322_MT_RPpos_Aria_FS_60Kres_20min,,,G:E9,3,,0,0,0,1,,,,,,,
Unknown,Pellets_54_HILICneg,1,/Users/mitchjo/Datasets/MorPhic/03252023_iPSC_Pellets_Regularmethods/Pellets_54_HILICneg.raw,cyp19a1 KO,differentiated,complex,None,C:\Xcalibur\methods\Maheshwor\Metabolomics-Lipidomics-Aria\03222022_MT_HILIC_neg_Aria_FS_60k_20min,,,R:D1,3,,0,0,0,1,,,,,,,
Unknown,Pellets_54_HILICpos,1,/Users/mitchjo/Datasets/MorPhic/03252023_iPSC_Pellets_Regularmethods/Pellets_54_HILICpos.raw,cyp19a1 KO,differentiated,complex,None,C:\Xcalibur\methods\Maheshwor\Metabolomics-Lipidomics-Aria\03222022_MT_HILIC_pos_Aria_FS_60k_20min,,,R:D1,3,,0,0,0,1,,,,,,,
Unknown,Pellets_54_Rpneg,1,/Users/mitchjo/Datasets/MorPhic/03252023_iPSC_Pellets_Regularmethods/Pellets_54_Rpneg.raw,cyp19a1 KO,differentiated,complex,None,C:\Xcalibur\methods\Maheshwor\Metabolomics-Lipidomics-Aria\20220322_MT_RPneg_Aria_FS_60Kres_20min,,,R:C9,3,,0,0,0,1,,,,,,,
Unknown,Pellets_54_Rppos,1,/Users/mitchjo/Datasets/MorPhic/03252023_iPSC_Pellets_Regularmethods/Pellets_54_Rppos.raw,cyp19a1 KO,differentiated,complex,None,C:\Xcalibur\methods\Maheshwor\Metabolomics-Lipidomics-Aria\20220322_MT_RPpos_Aria_FS_60Kres_20min,,,R:C9,3,,0,0,0,1,,,,,,,
Unknown,Pellets_6_HILICneg,1,/Users/mitchjo/Datasets/MorPhic/03252023_iPSC_Pellets_Regularmethods/Pellets_6_HILICneg.raw,ptn KO,ipsc,basal,None,C:\Xcalibur\methods\Maheshwor\Metabolomics-Lipidomics-Aria\03222022_MT_HILIC_neg_Aria_FS_60k_20min,,,R:B9,3,,0,0,0,1,,,,,,,
Unknown,Pellets_6_HILICpos,1,/Users/mitchjo/Datasets/MorPhic/03252023_iPSC_Pellets_Regularmethods/Pellets_6_HILICpos.raw,ptn KO,ipsc,basal,None,C:\Xcalibur\methods\Maheshwor\Metabolomics-Lipidomics-Aria\03222022_MT_HILIC_pos_Aria_FS_60k_20min,,,R:B9,3,,0,0,0,1,,,,,,,
Unknown,Pellets_6_Rpneg,1,/Users/mitchjo/Datasets/MorPhic/03252023_iPSC_Pellets_Regularmethods/Pellets_6_Rpneg.raw,ptn KO,ipsc,basal,None,C:\Xcalibur\methods\Maheshwor\Metabolomics-Lipidomics-Aria\20220322_MT_RPneg_Aria_FS_60Kres_20min,,,R:B8,3,,0,0,0,1,,,,,,,
Unknown,Pellets_6_Rppos,1,/Users/mitchjo/Datasets/MorPhic/03252023_iPSC_Pellets_Regularmethods/Pellets_6_Rppos.raw,ptn KO,ipsc,basal,None,C:\Xcalibur\methods\Maheshwor\Metabolomics-Lipidomics-Aria\20220322_MT_RPpos_Aria_FS_60Kres_20min,,,R:B8,3,,0,0,0,1,,,,,,,
Unknown,Pellets_7_HILICneg,1,/Users/mitchjo/Datasets/MorPhic/03252023_iPSC_Pellets_Regularmethods/Pellets_7_HILICneg.raw,cyp19a1 KO,ipsc,basal,None,C:\Xcalibur\methods\Maheshwor\Metabolomics-Lipidomics-Aria\03222022_MT_HILIC_neg_Aria_FS_60k_20min,,,R:C4,3,,0,0,0,1,,,,,,,
Unknown,Pellets_7_HILICpos,1,/Users/mitchjo/Datasets/MorPhic/03252023_iPSC_Pellets_Regularmethods/Pellets_7_HILICpos.raw,cyp19a1 KO,ipsc,basal,None,C:\Xcalibur\methods\Maheshwor\Metabolomics-Lipidomics-Aria\03222022_MT_HILIC_pos_Aria_FS_60k_20min,,,R:C4,3,,0,0,0,1,,,,,,,
Unknown,Pellets_7_Rpneg,1,/Users/mitchjo/Datasets/MorPhic/03252023_iPSC_Pellets_Regularmethods/Pellets_7_Rpneg.raw,cyp19a1 KO,ipsc,basal,None,C:\Xcalibur\methods\Maheshwor\Metabolomics-Lipidomics-Aria\20220322_MT_RPneg_Aria_FS_60Kres_20min,,,R:C3,3,,0,0,0,1,,,,,,,
Unknown,Pellets_7_Rppos,1,/Users/mitchjo/Datasets/MorPhic/03252023_iPSC_Pellets_Regularmethods/Pellets_7_Rppos.raw,cyp19a1 KO,ipsc,basal,None,C:\Xcalibur\methods\Maheshwor\Metabolomics-Lipidomics-Aria\20220322_MT_RPpos_Aria_FS_60Kres_20min,,,R:C3,3,,0,0,0,1,,,,,,,
Unknown,Pellets_8_HILICneg,1,/Users/mitchjo/Datasets/MorPhic/03252023_iPSC_Pellets_Regularmethods/Pellets_8_HILICneg.raw,cyp19a1 KO,ipsc,basal,None,C:\Xcalibur\methods\Maheshwor\Metabolomics-Lipidomics-Aria\03222022_MT_HILIC_neg_Aria_FS_60k_20min,,,R:F1,3,,0,0,0,1,,,,,,,
Unknown,Pellets_8_HILICpos,1,/Users/mitchjo/Datasets/MorPhic/03252023_iPSC_Pellets_Regularmethods/Pellets_8_HILICpos.raw,cyp19a1 KO,ipsc,basal,None,C:\Xcalibur\methods\Maheshwor\Metabolomics-Lipidomics-Aria\03222022_MT_HILIC_pos_Aria_FS_60k_20min,,,R:F1,3,,0,0,0,1,,,,,,,
Unknown,Pellets_8_Rpneg,1,/Users/mitchjo/Datasets/MorPhic/03252023_iPSC_Pellets_Regularmethods/Pellets_8_Rpneg.raw,cyp19a1 KO,ipsc,basal,None,C:\Xcalibur\methods\Maheshwor\Metabolomics-Lipidomics-Aria\20220322_MT_RPneg_Aria_FS_60Kres_20min,,,R:E9,3,,0,0,0,1,,,,,,,
Unknown,Pellets_8_Rppos,1,/Users/mitchjo/Datasets/MorPhic/03252023_iPSC_Pellets_Regularmethods/Pellets_8_Rppos.raw,cyp19a1 KO,ipsc,basal,None,C:\Xcalibur\methods\Maheshwor\Metabolomics-Lipidomics-Aria\20220322_MT_RPpos_Aria_FS_60Kres_20min,,,R:E9,3,,0,0,0,1,,,,,,,
Unknown,Pellets_9_HILICneg,1,/Users/mitchjo/Datasets/MorPhic/03252023_iPSC_Pellets_Regularmethods/Pellets_9_HILICneg.raw,cyp19a1 KO,ipsc,basal,None,C:\Xcalibur\methods\Maheshwor\Metabolomics-Lipidomics-Aria\03222022_MT_HILIC_neg_Aria_FS_60k_20min,,,G:D7,3,,0,0,0,1,,,,,,,
Unknown,Pellets_9_HILICpos,1,/Users/mitchjo/Datasets/MorPhic/03252023_iPSC_Pellets_Regularmethods/Pellets_9_HILICpos.raw,cyp19a1 KO,ipsc,basal,None,C:\Xcalibur\methods\Maheshwor\Metabolomics-Lipidomics-Aria\03222022_MT_HILIC_pos_Aria_FS_60k_20min,,,G:D7,3,,0,0,0,1,,,,,,,
Unknown,Pellets_9_Rpneg,1,/Users/mitchjo/Datasets/MorPhic/03252023_iPSC_Pellets_Regularmethods/Pellets_9_Rpneg.raw,cyp19a1 KO,ipsc,basal,None,C:\Xcalibur\methods\Maheshwor\Metabolomics-Lipidomics-Aria\20220322_MT_RPneg_Aria_FS_60Kres_20min,,,G:D6,3,,0,0,0,1,,,,,,,
Unknown,Pellets_9_Rppos,1,/Users/mitchjo/Datasets/MorPhic/03252023_iPSC_Pellets_Regularmethods/Pellets_9_Rppos.raw,cyp19a1 KO,ipsc,basal,None,C:\Xcalibur\methods\Maheshwor\Metabolomics-Lipidomics-Aria\20220322_MT_RPpos_Aria_FS_60Kres_20min,,,G:D6,3,,0,0,0,1,,,,,,,
Unknown,Pool_QC_Pellets_HILICneg_1,1,/Users/mitchjo/Datasets/MorPhic/03252023_iPSC_Pellets_Regularmethods/Pool_QC_Pellets_HILICneg_1.raw,None,None,None,None,C:\Xcalibur\methods\Maheshwor\Metabolomics-Lipidomics-Aria\03222022_MT_HILIC_neg_Aria_FS_60k_20min,,,B:A8,3,,0,0,0,1,,,,,,,
Unknown,Pool_QC_Pellets_HILICneg_2,1,/Users/mitchjo/Datasets/MorPhic/03252023_iPSC_Pellets_Regularmethods/Pool_QC_Pellets_HILICneg_2.raw,None,None,None,None,C:\Xcalibur\methods\Maheshwor\Metabolomics-Lipidomics-Aria\03222022_MT_HILIC_neg_Aria_FS_60k_20min,,,B:A8,3,,0,0,0,1,,,,,,,
Unknown,Pool_QC_Pellets_HILICneg_3,1,/Users/mitchjo/Datasets/MorPhic/03252023_iPSC_Pellets_Regularmethods/Pool_QC_Pellets_HILICneg_3.raw,None,None,None,None,C:\Xcalibur\methods\Maheshwor\Metabolomics-Lipidomics-Aria\03222022_MT_HILIC_neg_Aria_FS_60k_20min,,,B:A8,3,,0,0,0,1,,,,,,,
Unknown,Pool_QC_Pellets_HILICneg_DDA,1,/Users/mitchjo/Datasets/MorPhic/03252023_iPSC_Pellets_Regularmethods/Pool_QC_Pellets_HILICneg_DDA.raw,None,None,None,None,C:\Xcalibur\methods\Maheshwor\Metabolomics-Lipidomics-Aria\20220322_MT_RPpos_Aria_FS_60Kres_12min_DDA,,,B:A8,3,,0,0,0,1,,,,,,,
Unknown,Pool_QC_Pellets_HILICpos_1,1,/Users/mitchjo/Datasets/MorPhic/03252023_iPSC_Pellets_Regularmethods/Pool_QC_Pellets_HILICpos_1.raw,None,None,None,None,C:\Xcalibur\methods\Maheshwor\Metabolomics-Lipidomics-Aria\03222022_MT_HILIC_pos_Aria_FS_60k_20min,,,B:A8,3,,0,0,0,1,,,,,,,
Unknown,Pool_QC_Pellets_HILICpos_2,1,/Users/mitchjo/Datasets/MorPhic/03252023_iPSC_Pellets_Regularmethods/Pool_QC_Pellets_HILICpos_2.raw,None,None,None,None,C:\Xcalibur\methods\Maheshwor\Metabolomics-Lipidomics-Aria\03222022_MT_HILIC_pos_Aria_FS_60k_20min,,,B:A8,3,,0,0,0,1,,,,,,,
Unknown,Pool_QC_Pellets_HILICpos_3,1,/Users/mitchjo/Datasets/MorPhic/03252023_iPSC_Pellets_Regularmethods/Pool_QC_Pellets_HILICpos_3.raw,None,None,None,None,C:\Xcalibur\methods\Maheshwor\Metabolomics-Lipidomics-Aria\03222022_MT_HILIC_pos_Aria_FS_60k_20min,,,B:A8,3,,0,0,0,1,,,,,,,
Unknown,Pool_QC_Pellets_HILICpos_DDA,1,/Users/mitchjo/Datasets/MorPhic/03252023_iPSC_Pellets_Regularmethods/Pool_QC_Pellets_HILICpos_DDA.raw,None,None,None,None,C:\Xcalibur\methods\Maheshwor\Metabolomics-Lipidomics-Aria\20220322_MT_RPneg_Aria_FS_60Kres_12min_DDA,,,B:A8,3,,0,0,0,1,,,,,,,
Unknown,Pool_QC_Pellets_RPneg_1,1,/Users/mitchjo/Datasets/MorPhic/03252023_iPSC_Pellets_Regularmethods/Pool_QC_Pellets_RPneg_1.raw,None,None,None,None,C:\Xcalibur\methods\Maheshwor\Metabolomics-Lipidomics-Aria\20220322_MT_RPneg_Aria_FS_60Kres_20min,,,B:A7,3,,0,0,0,1,,,,,,,
Unknown,Pool_QC_Pellets_RPneg_2,1,/Users/mitchjo/Datasets/MorPhic/03252023_iPSC_Pellets_Regularmethods/Pool_QC_Pellets_RPneg_2.raw,None,None,None,None,C:\Xcalibur\methods\Maheshwor\Metabolomics-Lipidomics-Aria\20220322_MT_RPneg_Aria_FS_60Kres_20min,,,B:A7,3,,0,0,0,1,,,,,,,
Unknown,Pool_QC_Pellets_RPneg_3,1,/Users/mitchjo/Datasets/MorPhic/03252023_iPSC_Pellets_Regularmethods/Pool_QC_Pellets_RPneg_3.raw,None,None,None,None,C:\Xcalibur\methods\Maheshwor\Metabolomics-Lipidomics-Aria\20220322_MT_RPneg_Aria_FS_60Kres_20min,,,B:A7,3,,0,0,0,1,,,,,,,
Unknown,Pool_QC_Pellets_RPneg_DDA,1,/Users/mitchjo/Datasets/MorPhic/03252023_iPSC_Pellets_Regularmethods/Pool_QC_Pellets_RPneg_DDA.raw,None,None,None,None,C:\Xcalibur\methods\Maheshwor\Metabolomics-Lipidomics-Aria\03222022_MT_HILIC_pos_Aria_FS_60k_12min_DDA,,,B:A7,3,,0,0,0,1,,,,,,,
Unknown,Pool_QC_Pellets_RPpos_1,1,/Users/mitchjo/Datasets/MorPhic/03252023_iPSC_Pellets_Regularmethods/Pool_QC_Pellets_RPpos_1.raw,None,None,None,None,C:\Xcalibur\methods\Maheshwor\Metabolomics-Lipidomics-Aria\20220322_MT_RPpos_Aria_FS_60Kres_20min,,,B:A7,3,,0,0,0,1,,,,,,,
Unknown,Pool_QC_Pellets_RPpos_2,1,/Users/mitchjo/Datasets/MorPhic/03252023_iPSC_Pellets_Regularmethods/Pool_QC_Pellets_RPpos_2.raw,None,None,None,None,C:\Xcalibur\methods\Maheshwor\Metabolomics-Lipidomics-Aria\20220322_MT_RPpos_Aria_FS_60Kres_20min,,,B:A7,3,,0,0,0,1,,,,,,,
Unknown,Pool_QC_Pellets_RPpos_3,1,/Users/mitchjo/Datasets/MorPhic/03252023_iPSC_Pellets_Regularmethods/Pool_QC_Pellets_RPpos_3.raw,None,None,None,None,C:\Xcalibur\methods\Maheshwor\Metabolomics-Lipidomics-Aria\20220322_MT_RPpos_Aria_FS_60Kres_20min,,,B:A7,3,,0,0,0,1,,,,,,,
Unknown,Pool_QC_Pellets_RPpos_DDA,1,/Users/mitchjo/Datasets/MorPhic/03252023_iPSC_Pellets_Regularmethods/Pool_QC_Pellets_RPpos_DDA.raw,None,None,None,None,C:\Xcalibur\methods\Maheshwor\Metabolomics-Lipidomics-Aria\03222022_MT_HILIC_neg_Aria_FS_60k_12min_DDA,,,B:A7,3,,0,0,0,1,,,,,,,
Unknown,Qstd_HILICneg_1,1,/Users/mitchjo/Datasets/MorPhic/03252023_iPSC_Pellets_Regularmethods/Qstd_HILICneg_1.raw,None,None,None,None,C:\Xcalibur\methods\Maheshwor\Metabolomics-Lipidomics-Aria\03222022_MT_HILIC_neg_Aria_FS_60k_20min,,,B:A6,2,,0,0,0,1,,,,,,,
Unknown,Qstd_HILICneg_2,1,/Users/mitchjo/Datasets/MorPhic/03252023_iPSC_Pellets_Regularmethods/Qstd_HILICneg_2.raw,None,None,None,None,C:\Xcalibur\methods\Maheshwor\Metabolomics-Lipidomics-Aria\03222022_MT_HILIC_neg_Aria_FS_60k_20min,,,B:A6,2,,0,0,0,1,,,,,,,
Unknown,Qstd_HILICpos_1,1,/Users/mitchjo/Datasets/MorPhic/03252023_iPSC_Pellets_Regularmethods/Qstd_HILICpos_1.raw,None,None,None,None,C:\Xcalibur\methods\Maheshwor\Metabolomics-Lipidomics-Aria\03222022_MT_HILIC_pos_Aria_FS_60k_20min,,,B:A6,2,,0,0,0,1,,,,,,,
Unknown,Qstd_HILICpos_2,1,/Users/mitchjo/Datasets/MorPhic/03252023_iPSC_Pellets_Regularmethods/Qstd_HILICpos_2.raw,None,None,None,None,C:\Xcalibur\methods\Maheshwor\Metabolomics-Lipidomics-Aria\03222022_MT_HILIC_pos_Aria_FS_60k_20min,,,B:A6,2,,0,0,0,1,,,,,,,
Unknown,Qstd_RPneg_1,1,/Users/mitchjo/Datasets/MorPhic/03252023_iPSC_Pellets_Regularmethods/Qstd_RPneg_1.raw,None,None,None,None,C:\Xcalibur\methods\Maheshwor\Metabolomics-Lipidomics-Aria\20220322_MT_RPneg_Aria_FS_60Kres_20min,,,B:A5,2,,0,0,0,1,,,,,,,
Unknown,Qstd_RPneg_2,1,/Users/mitchjo/Datasets/MorPhic/03252023_iPSC_Pellets_Regularmethods/Qstd_RPneg_2.raw,None,None,None,None,C:\Xcalibur\methods\Maheshwor\Metabolomics-Lipidomics-Aria\20220322_MT_RPneg_Aria_FS_60Kres_20min,,,B:A5,2,,0,0,0,1,,,,,,,
Unknown,Qstd_RPpos_1,1,/Users/mitchjo/Datasets/MorPhic/03252023_iPSC_Pellets_Regularmethods/Qstd_RPpos_1.raw,None,None,None,None,C:\Xcalibur\methods\Maheshwor\Metabolomics-Lipidomics-Aria\20220322_MT_RPpos_Aria_FS_60Kres_20min,,,B:A5,2,,0,0,0,1,,,,,,,
Unknown,Qstd_RPpos_2,1,/Users/mitchjo/Datasets/MorPhic/03252023_iPSC_Pellets_Regularmethods/Qstd_RPpos_2.raw,None,None,None,None,C:\Xcalibur\methods\Maheshwor\Metabolomics-Lipidomics-Aria\20220322_MT_RPpos_Aria_FS_60Kres_20min,,,B:A5,2,,0,0,0,1,,,,,,,