Sample Type,File Name,Name,Order,Cell Line,Differentiation,Media,Additives,Sample ID,Path,Filepath,Instrument Method,Process Method,Calibration File,Position,Inj Vol,Level,Sample Wt,Sample Vol,ISTD Amt,Dil Factor,L1 ChannelSelect,L2 Client,L3 Laboratory,L4 Company,L5 Phone,Comment,Sample Name
Blank,Blank_HILICneg_1,Blank_HILICneg_1,2,None,None,None,None,1,C:\Xcalibur\data\Shujian Zheng\03182023_iPSC_Meida_Regularmethods,/Users/mitchjo/Datasets/MorPhic/03182023_iPSC_Meida_Regularmethods/Blank_HILICneg_1.raw,C:\Xcalibur\methods\Maheshwor\Metabolomics-Lipidomics-Aria\03222022_MT_HILIC_neg_Aria_FS_60k_20min,,,B:A2,2,,0,0,0,1,,,,,,,
Blank,Blank_HILICpos_1,Blank_HILICpos_1,4,None,None,None,None,1,C:\Xcalibur\data\Shujian Zheng\03182023_iPSC_Meida_Regularmethods,/Users/mitchjo/Datasets/MorPhic/03182023_iPSC_Meida_Regularmethods/Blank_HILICpos_1.raw,C:\Xcalibur\methods\Maheshwor\Metabolomics-Lipidomics-Aria\03222022_MT_HILIC_pos_Aria_FS_60k_20min,,,B:A2,2,,0,0,0,1,,,,,,,
Blank,Blank_IS_HILICneg_1,Blank_IS_HILICneg_1,6,None,None,None,None,1,C:\Xcalibur\data\Shujian Zheng\03182023_iPSC_Meida_Regularmethods,/Users/mitchjo/Datasets/MorPhic/03182023_iPSC_Meida_Regularmethods/Blank_IS_HILICneg_1.raw,C:\Xcalibur\methods\Maheshwor\Metabolomics-Lipidomics-Aria\03222022_MT_HILIC_neg_Aria_FS_60k_20min,,,B:A4,2,,0,0,0,1,,,,,,,
Blank,Blank_IS_HILICneg_2,Blank_IS_HILICneg_2,246,None,None,None,None,1,C:\Xcalibur\data\Shujian Zheng\03182023_iPSC_Meida_Regularmethods,/Users/mitchjo/Datasets/MorPhic/03182023_iPSC_Meida_Regularmethods/Blank_IS_HILICneg_2.raw,C:\Xcalibur\methods\Maheshwor\Metabolomics-Lipidomics-Aria\03222022_MT_HILIC_neg_Aria_FS_60k_20min,,,B:A4,2,,0,0,0,1,,,,,,,
Blank,Blank_IS_HILICpos_1,Blank_IS_HILICpos_1,8,None,None,None,None,1,C:\Xcalibur\data\Shujian Zheng\03182023_iPSC_Meida_Regularmethods,/Users/mitchjo/Datasets/MorPhic/03182023_iPSC_Meida_Regularmethods/Blank_IS_HILICpos_1.raw,C:\Xcalibur\methods\Maheshwor\Metabolomics-Lipidomics-Aria\03222022_MT_HILIC_pos_Aria_FS_60k_20min,,,B:A4,2,,0,0,0,1,,,,,,,
Blank,Blank_IS_HILICpos_2,Blank_IS_HILICpos_2,248,None,None,None,None,1,C:\Xcalibur\data\Shujian Zheng\03182023_iPSC_Meida_Regularmethods,/Users/mitchjo/Datasets/MorPhic/03182023_iPSC_Meida_Regularmethods/Blank_IS_HILICpos_2.raw,C:\Xcalibur\methods\Maheshwor\Metabolomics-Lipidomics-Aria\03222022_MT_HILIC_pos_Aria_FS_60k_20min,,,B:A4,2,,0,0,0,1,,,,,,,
Blank,Blank_IS_RPneg_1,Blank_IS_RPneg_1,7,None,None,None,None,1,C:\Xcalibur\data\Shujian Zheng\03182023_iPSC_Meida_Regularmethods,/Users/mitchjo/Datasets/MorPhic/03182023_iPSC_Meida_Regularmethods/Blank_IS_RPneg_1.raw,C:\Xcalibur\methods\Maheshwor\Metabolomics-Lipidomics-Aria\20220322_MT_RPneg_Aria_FS_60Kres_20min,,,B:A3,2,,0,0,0,1,,,,,,,
Blank,Blank_IS_RPneg_2,Blank_IS_RPneg_2,247,None,None,None,None,1,C:\Xcalibur\data\Shujian Zheng\03182023_iPSC_Meida_Regularmethods,/Users/mitchjo/Datasets/MorPhic/03182023_iPSC_Meida_Regularmethods/Blank_IS_RPneg_2.raw,C:\Xcalibur\methods\Maheshwor\Metabolomics-Lipidomics-Aria\20220322_MT_RPneg_Aria_FS_60Kres_20min,,,B:A3,2,,0,0,0,1,,,,,,,
Blank,Blank_IS_RPpos_1,Blank_IS_RPpos_1,5,None,None,None,None,1,C:\Xcalibur\data\Shujian Zheng\03182023_iPSC_Meida_Regularmethods,/Users/mitchjo/Datasets/MorPhic/03182023_iPSC_Meida_Regularmethods/Blank_IS_RPpos_1.raw,C:\Xcalibur\methods\Maheshwor\Metabolomics-Lipidomics-Aria\20220322_MT_RPpos_Aria_FS_60Kres_20min,,,B:A3,2,,0,0,0,1,,,,,,,
Blank,Blank_IS_RPpos_2,Blank_IS_RPpos_2,245,None,None,None,None,1,C:\Xcalibur\data\Shujian Zheng\03182023_iPSC_Meida_Regularmethods,/Users/mitchjo/Datasets/MorPhic/03182023_iPSC_Meida_Regularmethods/Blank_IS_RPpos_2.raw,C:\Xcalibur\methods\Maheshwor\Metabolomics-Lipidomics-Aria\20220322_MT_RPpos_Aria_FS_60Kres_20min,,,B:A3,2,,0,0,0,1,,,,,,,
Blank,Blank_RPneg_1,Blank_RPneg_1,3,None,None,None,None,1,C:\Xcalibur\data\Shujian Zheng\03182023_iPSC_Meida_Regularmethods,/Users/mitchjo/Datasets/MorPhic/03182023_iPSC_Meida_Regularmethods/Blank_RPneg_1.raw,C:\Xcalibur\methods\Maheshwor\Metabolomics-Lipidomics-Aria\20220322_MT_RPneg_Aria_FS_60Kres_20min,,,B:A1,2,,0,0,0,1,,,,,,,
Blank,Blank_RPpos_1,Blank_RPpos_1,1,None,None,None,None,1,C:\Xcalibur\data\Shujian Zheng\03182023_iPSC_Meida_Regularmethods,/Users/mitchjo/Datasets/MorPhic/03182023_iPSC_Meida_Regularmethods/Blank_RPpos_1.raw,C:\Xcalibur\methods\Maheshwor\Metabolomics-Lipidomics-Aria\20220322_MT_RPpos_Aria_FS_60Kres_20min,,,B:A1,2,,0,0,0,1,,,,,,,
Unknown,Media_1_HILICneg,Media_1_HILICneg,182,wt,ipsc,basal,None,1,C:\Xcalibur\data\Shujian Zheng\03182023_iPSC_Meida_Regularmethods,/Users/mitchjo/Datasets/MorPhic/03182023_iPSC_Meida_Regularmethods/Media_1_HILICneg.raw,C:\Xcalibur\methods\Maheshwor\Metabolomics-Lipidomics-Aria\03222022_MT_HILIC_neg_Aria_FS_60k_20min,,,G:D1,3,,0,0,0,1,,,,,,,
Unknown,Media_1_HILICpos,Media_1_HILICpos,184,wt,ipsc,basal,None,1,C:\Xcalibur\data\Shujian Zheng\03182023_iPSC_Meida_Regularmethods,/Users/mitchjo/Datasets/MorPhic/03182023_iPSC_Meida_Regularmethods/Media_1_HILICpos.raw,C:\Xcalibur\methods\Maheshwor\Metabolomics-Lipidomics-Aria\03222022_MT_HILIC_pos_Aria_FS_60k_20min,,,G:D1,3,,0,0,0,1,,,,,,,
Unknown,Media_1_Rpneg,Media_1_Rpneg,183,wt,ipsc,basal,None,1,C:\Xcalibur\data\Shujian Zheng\03182023_iPSC_Meida_Regularmethods,/Users/mitchjo/Datasets/MorPhic/03182023_iPSC_Meida_Regularmethods/Media_1_Rpneg.raw,C:\Xcalibur\methods\Maheshwor\Metabolomics-Lipidomics-Aria\20220322_MT_RPneg_Aria_FS_60Kres_20min,,,G:C9,3,,0,0,0,1,,,,,,,
Unknown,Media_1_Rppos,Media_1_Rppos,181,wt,ipsc,basal,None,1,C:\Xcalibur\data\Shujian Zheng\03182023_iPSC_Meida_Regularmethods,/Users/mitchjo/Datasets/MorPhic/03182023_iPSC_Meida_Regularmethods/Media_1_Rppos.raw,C:\Xcalibur\methods\Maheshwor\Metabolomics-Lipidomics-Aria\20220322_MT_RPpos_Aria_FS_60Kres_20min,,,G:C9,3,,0,0,0,1,,,,,,,
Unknown,Media_10_HILICneg,Media_10_HILICneg,178,cyp19a1 KO,ipsc,basal,dheas,1,C:\Xcalibur\data\Shujian Zheng\03182023_iPSC_Meida_Regularmethods,/Users/mitchjo/Datasets/MorPhic/03182023_iPSC_Meida_Regularmethods/Media_10_HILICneg.raw,C:\Xcalibur\methods\Maheshwor\Metabolomics-Lipidomics-Aria\03222022_MT_HILIC_neg_Aria_FS_60k_20min,,,G:C8,3,,0,0,0,1,,,,,,,
Unknown,Media_10_HILICpos,Media_10_HILICpos,180,cyp19a1 KO,ipsc,basal,dheas,1,C:\Xcalibur\data\Shujian Zheng\03182023_iPSC_Meida_Regularmethods,/Users/mitchjo/Datasets/MorPhic/03182023_iPSC_Meida_Regularmethods/Media_10_HILICpos.raw,C:\Xcalibur\methods\Maheshwor\Metabolomics-Lipidomics-Aria\03222022_MT_HILIC_pos_Aria_FS_60k_20min,,,G:C8,3,,0,0,0,1,,,,,,,
Unknown,Media_10_Rpneg,Media_10_Rpneg,179,cyp19a1 KO,ipsc,basal,dheas,1,C:\Xcalibur\data\Shujian Zheng\03182023_iPSC_Meida_Regularmethods,/Users/mitchjo/Datasets/MorPhic/03182023_iPSC_Meida_Regularmethods/Media_10_Rpneg.raw,C:\Xcalibur\methods\Maheshwor\Metabolomics-Lipidomics-Aria\20220322_MT_RPneg_Aria_FS_60Kres_20min,,,G:C7,3,,0,0,0,1,,,,,,,
Unknown,Media_10_Rppos,Media_10_Rppos,177,cyp19a1 KO,ipsc,basal,dheas,1,C:\Xcalibur\data\Shujian Zheng\03182023_iPSC_Meida_Regularmethods,/Users/mitchjo/Datasets/MorPhic/03182023_iPSC_Meida_Regularmethods/Media_10_Rppos.raw,C:\Xcalibur\methods\Maheshwor\Metabolomics-Lipidomics-Aria\20220322_MT_RPpos_Aria_FS_60Kres_20min,,,G:C7,3,,0,0,0,1,,,,,,,
Unknown,Media_11_HILICneg,Media_11_HILICneg,122,cyp19a1 KO,ipsc,basal,dheas,1,C:\Xcalibur\data\Shujian Zheng\03182023_iPSC_Meida_Regularmethods,/Users/mitchjo/Datasets/MorPhic/03182023_iPSC_Meida_Regularmethods/Media_11_HILICneg.raw,C:\Xcalibur\methods\Maheshwor\Metabolomics-Lipidomics-Aria\03222022_MT_HILIC_neg_Aria_FS_60k_20min,,,R:F9,3,,0,0,0,1,,,,,,,
Unknown,Media_11_HILICpos,Media_11_HILICpos,124,cyp19a1 KO,ipsc,basal,dheas,1,C:\Xcalibur\data\Shujian Zheng\03182023_iPSC_Meida_Regularmethods,/Users/mitchjo/Datasets/MorPhic/03182023_iPSC_Meida_Regularmethods/Media_11_HILICpos.raw,C:\Xcalibur\methods\Maheshwor\Metabolomics-Lipidomics-Aria\03222022_MT_HILIC_pos_Aria_FS_60k_20min,,,R:F9,3,,0,0,0,1,,,,,,,
Unknown,Media_11_Rpneg,Media_11_Rpneg,123,cyp19a1 KO,ipsc,basal,dheas,1,C:\Xcalibur\data\Shujian Zheng\03182023_iPSC_Meida_Regularmethods,/Users/mitchjo/Datasets/MorPhic/03182023_iPSC_Meida_Regularmethods/Media_11_Rpneg.raw,C:\Xcalibur\methods\Maheshwor\Metabolomics-Lipidomics-Aria\20220322_MT_RPneg_Aria_FS_60Kres_20min,,,R:F8,3,,0,0,0,1,,,,,,,
Unknown,Media_11_Rppos,Media_11_Rppos,121,cyp19a1 KO,ipsc,basal,dheas,1,C:\Xcalibur\data\Shujian Zheng\03182023_iPSC_Meida_Regularmethods,/Users/mitchjo/Datasets/MorPhic/03182023_iPSC_Meida_Regularmethods/Media_11_Rppos.raw,C:\Xcalibur\methods\Maheshwor\Metabolomics-Lipidomics-Aria\20220322_MT_RPpos_Aria_FS_60Kres_20min,,,R:F8,3,,0,0,0,1,,,,,,,
Unknown,Media_12_HILICneg,Media_12_HILICneg,138,cyp19a1 KO,ipsc,basal,dheas,1,C:\Xcalibur\data\Shujian Zheng\03182023_iPSC_Meida_Regularmethods,/Users/mitchjo/Datasets/MorPhic/03182023_iPSC_Meida_Regularmethods/Media_12_HILICneg.raw,C:\Xcalibur\methods\Maheshwor\Metabolomics-Lipidomics-Aria\03222022_MT_HILIC_neg_Aria_FS_60k_20min,,,G:A6,3,,0,0,0,1,,,,,,,
Unknown,Media_12_HILICpos,Media_12_HILICpos,140,cyp19a1 KO,ipsc,basal,dheas,1,C:\Xcalibur\data\Shujian Zheng\03182023_iPSC_Meida_Regularmethods,/Users/mitchjo/Datasets/MorPhic/03182023_iPSC_Meida_Regularmethods/Media_12_HILICpos.raw,C:\Xcalibur\methods\Maheshwor\Metabolomics-Lipidomics-Aria\03222022_MT_HILIC_pos_Aria_FS_60k_20min,,,G:A6,3,,0,0,0,1,,,,,,,
Unknown,Media_12_Rpneg,Media_12_Rpneg,139,cyp19a1 KO,ipsc,basal,dheas,1,C:\Xcalibur\data\Shujian Zheng\03182023_iPSC_Meida_Regularmethods,/Users/mitchjo/Datasets/MorPhic/03182023_iPSC_Meida_Regularmethods/Media_12_Rpneg.raw,C:\Xcalibur\methods\Maheshwor\Metabolomics-Lipidomics-Aria\20220322_MT_RPneg_Aria_FS_60Kres_20min,,,G:A5,3,,0,0,0,1,,,,,,,
Unknown,Media_12_Rppos,Media_12_Rppos,137,cyp19a1 KO,ipsc,basal,dheas,1,C:\Xcalibur\data\Shujian Zheng\03182023_iPSC_Meida_Regularmethods,/Users/mitchjo/Datasets/MorPhic/03182023_iPSC_Meida_Regularmethods/Media_12_Rppos.raw,C:\Xcalibur\methods\Maheshwor\Metabolomics-Lipidomics-Aria\20220322_MT_RPpos_Aria_FS_60Kres_20min,,,G:A5,3,,0,0,0,1,,,,,,,
Unknown,Media_13_HILICneg,Media_13_HILICneg,34,prlr KO,ipsc,basal,None,1,C:\Xcalibur\data\Shujian Zheng\03182023_iPSC_Meida_Regularmethods,/Users/mitchjo/Datasets/MorPhic/03182023_iPSC_Meida_Regularmethods/Media_13_HILICneg.raw,C:\Xcalibur\methods\Maheshwor\Metabolomics-Lipidomics-Aria\03222022_MT_HILIC_neg_Aria_FS_60k_20min,,,R:B1,3,,0,0,0,1,,,,,,,
Unknown,Media_13_HILICpos,Media_13_HILICpos,36,prlr KO,ipsc,basal,None,1,C:\Xcalibur\data\Shujian Zheng\03182023_iPSC_Meida_Regularmethods,/Users/mitchjo/Datasets/MorPhic/03182023_iPSC_Meida_Regularmethods/Media_13_HILICpos.raw,C:\Xcalibur\methods\Maheshwor\Metabolomics-Lipidomics-Aria\03222022_MT_HILIC_pos_Aria_FS_60k_20min,,,R:B1,3,,0,0,0,1,,,,,,,
Unknown,Media_13_Rpneg,Media_13_Rpneg,35,prlr KO,ipsc,basal,None,1,C:\Xcalibur\data\Shujian Zheng\03182023_iPSC_Meida_Regularmethods,/Users/mitchjo/Datasets/MorPhic/03182023_iPSC_Meida_Regularmethods/Media_13_Rpneg.raw,C:\Xcalibur\methods\Maheshwor\Metabolomics-Lipidomics-Aria\20220322_MT_RPneg_Aria_FS_60Kres_20min,,,R:A9,3,,0,0,0,1,,,,,,,
Unknown,Media_13_Rppos,Media_13_Rppos,33,prlr KO,ipsc,basal,None,1,C:\Xcalibur\data\Shujian Zheng\03182023_iPSC_Meida_Regularmethods,/Users/mitchjo/Datasets/MorPhic/03182023_iPSC_Meida_Regularmethods/Media_13_Rppos.raw,C:\Xcalibur\methods\Maheshwor\Metabolomics-Lipidomics-Aria\20220322_MT_RPpos_Aria_FS_60Kres_20min,,,R:A9,3,,0,0,0,1,,,,,,,
Unknown,Media_14_HILICneg,Media_14_HILICneg,86,prlr KO,ipsc,basal,None,1,C:\Xcalibur\data\Shujian Zheng\03182023_iPSC_Meida_Regularmethods,/Users/mitchjo/Datasets/MorPhic/03182023_iPSC_Meida_Regularmethods/Media_14_HILICneg.raw,C:\Xcalibur\methods\Maheshwor\Metabolomics-Lipidomics-Aria\03222022_MT_HILIC_neg_Aria_FS_60k_20min,,,R:D9,3,,0,0,0,1,,,,,,,
Unknown,Media_14_HILICpos,Media_14_HILICpos,88,prlr KO,ipsc,basal,None,1,C:\Xcalibur\data\Shujian Zheng\03182023_iPSC_Meida_Regularmethods,/Users/mitchjo/Datasets/MorPhic/03182023_iPSC_Meida_Regularmethods/Media_14_HILICpos.raw,C:\Xcalibur\methods\Maheshwor\Metabolomics-Lipidomics-Aria\03222022_MT_HILIC_pos_Aria_FS_60k_20min,,,R:D9,3,,0,0,0,1,,,,,,,
Unknown,Media_14_Rpneg,Media_14_Rpneg,87,prlr KO,ipsc,basal,None,1,C:\Xcalibur\data\Shujian Zheng\03182023_iPSC_Meida_Regularmethods,/Users/mitchjo/Datasets/MorPhic/03182023_iPSC_Meida_Regularmethods/Media_14_Rpneg.raw,C:\Xcalibur\methods\Maheshwor\Metabolomics-Lipidomics-Aria\20220322_MT_RPneg_Aria_FS_60Kres_20min,,,R:D8,3,,0,0,0,1,,,,,,,
Unknown,Media_14_Rppos,Media_14_Rppos,85,prlr KO,ipsc,basal,None,1,C:\Xcalibur\data\Shujian Zheng\03182023_iPSC_Meida_Regularmethods,/Users/mitchjo/Datasets/MorPhic/03182023_iPSC_Meida_Regularmethods/Media_14_Rppos.raw,C:\Xcalibur\methods\Maheshwor\Metabolomics-Lipidomics-Aria\20220322_MT_RPpos_Aria_FS_60Kres_20min,,,R:D8,3,,0,0,0,1,,,,,,,
Unknown,Media_15_HILICneg,Media_15_HILICneg,234,prlr KO,ipsc,basal,None,1,C:\Xcalibur\data\Shujian Zheng\03182023_iPSC_Meida_Regularmethods,/Users/mitchjo/Datasets/MorPhic/03182023_iPSC_Meida_Regularmethods/Media_15_HILICneg.raw,C:\Xcalibur\methods\Maheshwor\Metabolomics-Lipidomics-Aria\03222022_MT_HILIC_neg_Aria_FS_60k_20min,,,G:F9,3,,0,0,0,1,,,,,,,
Unknown,Media_15_HILICpos,Media_15_HILICpos,236,prlr KO,ipsc,basal,None,1,C:\Xcalibur\data\Shujian Zheng\03182023_iPSC_Meida_Regularmethods,/Users/mitchjo/Datasets/MorPhic/03182023_iPSC_Meida_Regularmethods/Media_15_HILICpos.raw,C:\Xcalibur\methods\Maheshwor\Metabolomics-Lipidomics-Aria\03222022_MT_HILIC_pos_Aria_FS_60k_20min,,,G:F9,3,,0,0,0,1,,,,,,,
Unknown,Media_15_Rpneg,Media_15_Rpneg,235,prlr KO,ipsc,basal,None,1,C:\Xcalibur\data\Shujian Zheng\03182023_iPSC_Meida_Regularmethods,/Users/mitchjo/Datasets/MorPhic/03182023_iPSC_Meida_Regularmethods/Media_15_Rpneg.raw,C:\Xcalibur\methods\Maheshwor\Metabolomics-Lipidomics-Aria\20220322_MT_RPneg_Aria_FS_60Kres_20min,,,G:F8,3,,0,0,0,1,,,,,,,
Unknown,Media_15_Rppos,Media_15_Rppos,233,prlr KO,ipsc,basal,None,1,C:\Xcalibur\data\Shujian Zheng\03182023_iPSC_Meida_Regularmethods,/Users/mitchjo/Datasets/MorPhic/03182023_iPSC_Meida_Regularmethods/Media_15_Rppos.raw,C:\Xcalibur\methods\Maheshwor\Metabolomics-Lipidomics-Aria\20220322_MT_RPpos_Aria_FS_60Kres_20min,,,G:F8,3,,0,0,0,1,,,,,,,
Unknown,Media_16_HILICneg,Media_16_HILICneg,202,prlr KO,ipsc,basal,prolactin,1,C:\Xcalibur\data\Shujian Zheng\03182023_iPSC_Meida_Regularmethods,/Users/mitchjo/Datasets/MorPhic/03182023_iPSC_Meida_Regularmethods/Media_16_HILICneg.raw,C:\Xcalibur\methods\Maheshwor\Metabolomics-Lipidomics-Aria\03222022_MT_HILIC_neg_Aria_FS_60k_20min,,,G:E2,3,,0,0,0,1,,,,,,,
Unknown,Media_16_HILICpos,Media_16_HILICpos,204,prlr KO,ipsc,basal,prolactin,1,C:\Xcalibur\data\Shujian Zheng\03182023_iPSC_Meida_Regularmethods,/Users/mitchjo/Datasets/MorPhic/03182023_iPSC_Meida_Regularmethods/Media_16_HILICpos.raw,C:\Xcalibur\methods\Maheshwor\Metabolomics-Lipidomics-Aria\03222022_MT_HILIC_pos_Aria_FS_60k_20min,,,G:E2,3,,0,0,0,1,,,,,,,
Unknown,Media_16_Rpneg,Media_16_Rpneg,203,prlr KO,ipsc,basal,prolactin,1,C:\Xcalibur\data\Shujian Zheng\03182023_iPSC_Meida_Regularmethods,/Users/mitchjo/Datasets/MorPhic/03182023_iPSC_Meida_Regularmethods/Media_16_Rpneg.raw,C:\Xcalibur\methods\Maheshwor\Metabolomics-Lipidomics-Aria\20220322_MT_RPneg_Aria_FS_60Kres_20min,,,G:E1,3,,0,0,0,1,,,,,,,
Unknown,Media_16_Rppos,Media_16_Rppos,201,prlr KO,ipsc,basal,prolactin,1,C:\Xcalibur\data\Shujian Zheng\03182023_iPSC_Meida_Regularmethods,/Users/mitchjo/Datasets/MorPhic/03182023_iPSC_Meida_Regularmethods/Media_16_Rppos.raw,C:\Xcalibur\methods\Maheshwor\Metabolomics-Lipidomics-Aria\20220322_MT_RPpos_Aria_FS_60Kres_20min,,,G:E1,3,,0,0,0,1,,,,,,,
Unknown,Media_17_HILICneg,Media_17_HILICneg,78,prlr KO,ipsc,basal,prolactin,1,C:\Xcalibur\data\Shujian Zheng\03182023_iPSC_Meida_Regularmethods,/Users/mitchjo/Datasets/MorPhic/03182023_iPSC_Meida_Regularmethods/Media_17_HILICneg.raw,C:\Xcalibur\methods\Maheshwor\Metabolomics-Lipidomics-Aria\03222022_MT_HILIC_neg_Aria_FS_60k_20min,,,R:D5,3,,0,0,0,1,,,,,,,
Unknown,Media_17_HILICpos,Media_17_HILICpos,80,prlr KO,ipsc,basal,prolactin,1,C:\Xcalibur\data\Shujian Zheng\03182023_iPSC_Meida_Regularmethods,/Users/mitchjo/Datasets/MorPhic/03182023_iPSC_Meida_Regularmethods/Media_17_HILICpos.raw,C:\Xcalibur\methods\Maheshwor\Metabolomics-Lipidomics-Aria\03222022_MT_HILIC_pos_Aria_FS_60k_20min,,,R:D5,3,,0,0,0,1,,,,,,,
Unknown,Media_17_Rpneg,Media_17_Rpneg,79,prlr KO,ipsc,basal,prolactin,1,C:\Xcalibur\data\Shujian Zheng\03182023_iPSC_Meida_Regularmethods,/Users/mitchjo/Datasets/MorPhic/03182023_iPSC_Meida_Regularmethods/Media_17_Rpneg.raw,C:\Xcalibur\methods\Maheshwor\Metabolomics-Lipidomics-Aria\20220322_MT_RPneg_Aria_FS_60Kres_20min,,,R:D4,3,,0,0,0,1,,,,,,,
Unknown,Media_17_Rppos,Media_17_Rppos,77,prlr KO,ipsc,basal,prolactin,1,C:\Xcalibur\data\Shujian Zheng\03182023_iPSC_Meida_Regularmethods,/Users/mitchjo/Datasets/MorPhic/03182023_iPSC_Meida_Regularmethods/Media_17_Rppos.raw,C:\Xcalibur\methods\Maheshwor\Metabolomics-Lipidomics-Aria\20220322_MT_RPpos_Aria_FS_60Kres_20min,,,R:D4,3,,0,0,0,1,,,,,,,
Unknown,Media_18_HILICneg,Media_18_HILICneg,18,prlr KO,ipsc,basal,prolactin,1,C:\Xcalibur\data\Shujian Zheng\03182023_iPSC_Meida_Regularmethods,/Users/mitchjo/Datasets/MorPhic/03182023_iPSC_Meida_Regularmethods/Media_18_HILICneg.raw,C:\Xcalibur\methods\Maheshwor\Metabolomics-Lipidomics-Aria\03222022_MT_HILIC_neg_Aria_FS_60k_20min,,,R:A2,3,,0,0,0,1,,,,,,,
Unknown,Media_18_HILICpos,Media_18_HILICpos,20,prlr KO,ipsc,basal,prolactin,1,C:\Xcalibur\data\Shujian Zheng\03182023_iPSC_Meida_Regularmethods,/Users/mitchjo/Datasets/MorPhic/03182023_iPSC_Meida_Regularmethods/Media_18_HILICpos.raw,C:\Xcalibur\methods\Maheshwor\Metabolomics-Lipidomics-Aria\03222022_MT_HILIC_pos_Aria_FS_60k_20min,,,R:A2,3,,0,0,0,1,,,,,,,
Unknown,Media_18_Rpneg,Media_18_Rpneg,19,prlr KO,ipsc,basal,prolactin,1,C:\Xcalibur\data\Shujian Zheng\03182023_iPSC_Meida_Regularmethods,/Users/mitchjo/Datasets/MorPhic/03182023_iPSC_Meida_Regularmethods/Media_18_Rpneg.raw,C:\Xcalibur\methods\Maheshwor\Metabolomics-Lipidomics-Aria\20220322_MT_RPneg_Aria_FS_60Kres_20min,,,R:A1,3,,0,0,0,1,,,,,,,
Unknown,Media_18_Rppos,Media_18_Rppos,17,prlr KO,ipsc,basal,prolactin,1,C:\Xcalibur\data\Shujian Zheng\03182023_iPSC_Meida_Regularmethods,/Users/mitchjo/Datasets/MorPhic/03182023_iPSC_Meida_Regularmethods/Media_18_Rppos.raw,C:\Xcalibur\methods\Maheshwor\Metabolomics-Lipidomics-Aria\20220322_MT_RPpos_Aria_FS_60Kres_20min,,,R:A1,3,,0,0,0,1,,,,,,,
Unknown,Media_19_HILICneg,Media_19_HILICneg,46,cyp19a1 KO,differentiated,basal,None,1,C:\Xcalibur\data\Shujian Zheng\03182023_iPSC_Meida_Regularmethods,/Users/mitchjo/Datasets/MorPhic/03182023_iPSC_Meida_Regularmethods/Media_19_HILICneg.raw,C:\Xcalibur\methods\Maheshwor\Metabolomics-Lipidomics-Aria\03222022_MT_HILIC_neg_Aria_FS_60k_20min,,,R:B7,3,,0,0,0,1,,,,,,,
Unknown,Media_19_HILICpos,Media_19_HILICpos,48,cyp19a1 KO,differentiated,basal,None,1,C:\Xcalibur\data\Shujian Zheng\03182023_iPSC_Meida_Regularmethods,/Users/mitchjo/Datasets/MorPhic/03182023_iPSC_Meida_Regularmethods/Media_19_HILICpos.raw,C:\Xcalibur\methods\Maheshwor\Metabolomics-Lipidomics-Aria\03222022_MT_HILIC_pos_Aria_FS_60k_20min,,,R:B7,3,,0,0,0,1,,,,,,,
Unknown,Media_19_Rpneg,Media_19_Rpneg,47,cyp19a1 KO,differentiated,basal,None,1,C:\Xcalibur\data\Shujian Zheng\03182023_iPSC_Meida_Regularmethods,/Users/mitchjo/Datasets/MorPhic/03182023_iPSC_Meida_Regularmethods/Media_19_Rpneg.raw,C:\Xcalibur\methods\Maheshwor\Metabolomics-Lipidomics-Aria\20220322_MT_RPneg_Aria_FS_60Kres_20min,,,R:B6,3,,0,0,0,1,,,,,,,
Unknown,Media_19_Rppos,Media_19_Rppos,45,cyp19a1 KO,differentiated,basal,None,1,C:\Xcalibur\data\Shujian Zheng\03182023_iPSC_Meida_Regularmethods,/Users/mitchjo/Datasets/MorPhic/03182023_iPSC_Meida_Regularmethods/Media_19_Rppos.raw,C:\Xcalibur\methods\Maheshwor\Metabolomics-Lipidomics-Aria\20220322_MT_RPpos_Aria_FS_60Kres_20min,,,R:B6,3,,0,0,0,1,,,,,,,
Unknown,Media_2_HILICneg,Media_2_HILICneg,198,wt,ipsc,basal,None,1,C:\Xcalibur\data\Shujian Zheng\03182023_iPSC_Meida_Regularmethods,/Users/mitchjo/Datasets/MorPhic/03182023_iPSC_Meida_Regularmethods/Media_2_HILICneg.raw,C:\Xcalibur\methods\Maheshwor\Metabolomics-Lipidomics-Aria\03222022_MT_HILIC_neg_Aria_FS_60k_20min,,,G:D9,3,,0,0,0,1,,,,,,,
Unknown,Media_2_HILICpos,Media_2_HILICpos,200,wt,ipsc,basal,None,1,C:\Xcalibur\data\Shujian Zheng\03182023_iPSC_Meida_Regularmethods,/Users/mitchjo/Datasets/MorPhic/03182023_iPSC_Meida_Regularmethods/Media_2_HILICpos.raw,C:\Xcalibur\methods\Maheshwor\Metabolomics-Lipidomics-Aria\03222022_MT_HILIC_pos_Aria_FS_60k_20min,,,G:D9,3,,0,0,0,1,,,,,,,
Unknown,Media_2_Rpneg,Media_2_Rpneg,199,wt,ipsc,basal,None,1,C:\Xcalibur\data\Shujian Zheng\03182023_iPSC_Meida_Regularmethods,/Users/mitchjo/Datasets/MorPhic/03182023_iPSC_Meida_Regularmethods/Media_2_Rpneg.raw,C:\Xcalibur\methods\Maheshwor\Metabolomics-Lipidomics-Aria\20220322_MT_RPneg_Aria_FS_60Kres_20min,,,G:D8,3,,0,0,0,1,,,,,,,
Unknown,Media_2_Rppos,Media_2_Rppos,197,wt,ipsc,basal,None,1,C:\Xcalibur\data\Shujian Zheng\03182023_iPSC_Meida_Regularmethods,/Users/mitchjo/Datasets/MorPhic/03182023_iPSC_Meida_Regularmethods/Media_2_Rppos.raw,C:\Xcalibur\methods\Maheshwor\Metabolomics-Lipidomics-Aria\20220322_MT_RPpos_Aria_FS_60Kres_20min,,,G:D8,3,,0,0,0,1,,,,,,,
Unknown,Media_20_HILICneg,Media_20_HILICneg,98,cyp19a1 KO,differentiated,basal,None,1,C:\Xcalibur\data\Shujian Zheng\03182023_iPSC_Meida_Regularmethods,/Users/mitchjo/Datasets/MorPhic/03182023_iPSC_Meida_Regularmethods/Media_20_HILICneg.raw,C:\Xcalibur\methods\Maheshwor\Metabolomics-Lipidomics-Aria\03222022_MT_HILIC_neg_Aria_FS_60k_20min,,,R:E6,3,,0,0,0,1,,,,,,,
Unknown,Media_20_HILICpos,Media_20_HILICpos,100,cyp19a1 KO,differentiated,basal,None,1,C:\Xcalibur\data\Shujian Zheng\03182023_iPSC_Meida_Regularmethods,/Users/mitchjo/Datasets/MorPhic/03182023_iPSC_Meida_Regularmethods/Media_20_HILICpos.raw,C:\Xcalibur\methods\Maheshwor\Metabolomics-Lipidomics-Aria\03222022_MT_HILIC_pos_Aria_FS_60k_20min,,,R:E6,3,,0,0,0,1,,,,,,,
Unknown,Media_20_Rpneg,Media_20_Rpneg,99,cyp19a1 KO,differentiated,basal,None,1,C:\Xcalibur\data\Shujian Zheng\03182023_iPSC_Meida_Regularmethods,/Users/mitchjo/Datasets/MorPhic/03182023_iPSC_Meida_Regularmethods/Media_20_Rpneg.raw,C:\Xcalibur\methods\Maheshwor\Metabolomics-Lipidomics-Aria\20220322_MT_RPneg_Aria_FS_60Kres_20min,,,R:E5,3,,0,0,0,1,,,,,,,
Unknown,Media_20_Rppos,Media_20_Rppos,97,cyp19a1 KO,differentiated,basal,None,1,C:\Xcalibur\data\Shujian Zheng\03182023_iPSC_Meida_Regularmethods,/Users/mitchjo/Datasets/MorPhic/03182023_iPSC_Meida_Regularmethods/Media_20_Rppos.raw,C:\Xcalibur\methods\Maheshwor\Metabolomics-Lipidomics-Aria\20220322_MT_RPpos_Aria_FS_60Kres_20min,,,R:E5,3,,0,0,0,1,,,,,,,
Unknown,Media_21_HILICneg,Media_21_HILICneg,210,cyp19a1 KO,differentiated,basal,None,1,C:\Xcalibur\data\Shujian Zheng\03182023_iPSC_Meida_Regularmethods,/Users/mitchjo/Datasets/MorPhic/03182023_iPSC_Meida_Regularmethods/Media_21_HILICneg.raw,C:\Xcalibur\methods\Maheshwor\Metabolomics-Lipidomics-Aria\03222022_MT_HILIC_neg_Aria_FS_60k_20min,,,G:E6,3,,0,0,0,1,,,,,,,
Unknown,Media_21_HILICpos,Media_21_HILICpos,212,cyp19a1 KO,differentiated,basal,None,1,C:\Xcalibur\data\Shujian Zheng\03182023_iPSC_Meida_Regularmethods,/Users/mitchjo/Datasets/MorPhic/03182023_iPSC_Meida_Regularmethods/Media_21_HILICpos.raw,C:\Xcalibur\methods\Maheshwor\Metabolomics-Lipidomics-Aria\03222022_MT_HILIC_pos_Aria_FS_60k_20min,,,G:E6,3,,0,0,0,1,,,,,,,
Unknown,Media_21_Rpneg,Media_21_Rpneg,211,cyp19a1 KO,differentiated,basal,None,1,C:\Xcalibur\data\Shujian Zheng\03182023_iPSC_Meida_Regularmethods,/Users/mitchjo/Datasets/MorPhic/03182023_iPSC_Meida_Regularmethods/Media_21_Rpneg.raw,C:\Xcalibur\methods\Maheshwor\Metabolomics-Lipidomics-Aria\20220322_MT_RPneg_Aria_FS_60Kres_20min,,,G:E5,3,,0,0,0,1,,,,,,,
Unknown,Media_21_Rppos,Media_21_Rppos,209,cyp19a1 KO,differentiated,basal,None,1,C:\Xcalibur\data\Shujian Zheng\03182023_iPSC_Meida_Regularmethods,/Users/mitchjo/Datasets/MorPhic/03182023_iPSC_Meida_Regularmethods/Media_21_Rppos.raw,C:\Xcalibur\methods\Maheshwor\Metabolomics-Lipidomics-Aria\20220322_MT_RPpos_Aria_FS_60Kres_20min,,,G:E5,3,,0,0,0,1,,,,,,,
Unknown,Media_22_HILICneg,Media_22_HILICneg,186,cyp19a1 KO,differentiated,basal,dheas,1,C:\Xcalibur\data\Shujian Zheng\03182023_iPSC_Meida_Regularmethods,/Users/mitchjo/Datasets/MorPhic/03182023_iPSC_Meida_Regularmethods/Media_22_HILICneg.raw,C:\Xcalibur\methods\Maheshwor\Metabolomics-Lipidomics-Aria\03222022_MT_HILIC_neg_Aria_FS_60k_20min,,,G:D3,3,,0,0,0,1,,,,,,,
Unknown,Media_22_HILICpos,Media_22_HILICpos,188,cyp19a1 KO,differentiated,basal,dheas,1,C:\Xcalibur\data\Shujian Zheng\03182023_iPSC_Meida_Regularmethods,/Users/mitchjo/Datasets/MorPhic/03182023_iPSC_Meida_Regularmethods/Media_22_HILICpos.raw,C:\Xcalibur\methods\Maheshwor\Metabolomics-Lipidomics-Aria\03222022_MT_HILIC_pos_Aria_FS_60k_20min,,,G:D3,3,,0,0,0,1,,,,,,,
Unknown,Media_22_Rpneg,Media_22_Rpneg,187,cyp19a1 KO,differentiated,basal,dheas,1,C:\Xcalibur\data\Shujian Zheng\03182023_iPSC_Meida_Regularmethods,/Users/mitchjo/Datasets/MorPhic/03182023_iPSC_Meida_Regularmethods/Media_22_Rpneg.raw,C:\Xcalibur\methods\Maheshwor\Metabolomics-Lipidomics-Aria\20220322_MT_RPneg_Aria_FS_60Kres_20min,,,G:D2,3,,0,0,0,1,,,,,,,
Unknown,Media_22_Rppos,Media_22_Rppos,185,cyp19a1 KO,differentiated,basal,dheas,1,C:\Xcalibur\data\Shujian Zheng\03182023_iPSC_Meida_Regularmethods,/Users/mitchjo/Datasets/MorPhic/03182023_iPSC_Meida_Regularmethods/Media_22_Rppos.raw,C:\Xcalibur\methods\Maheshwor\Metabolomics-Lipidomics-Aria\20220322_MT_RPpos_Aria_FS_60Kres_20min,,,G:D2,3,,0,0,0,1,,,,,,,
Unknown,Media_23_HILICneg,Media_23_HILICneg,146,cyp19a1 KO,differentiated,basal,dheas,1,C:\Xcalibur\data\Shujian Zheng\03182023_iPSC_Meida_Regularmethods,/Users/mitchjo/Datasets/MorPhic/03182023_iPSC_Meida_Regularmethods/Media_23_HILICneg.raw,C:\Xcalibur\methods\Maheshwor\Metabolomics-Lipidomics-Aria\03222022_MT_HILIC_neg_Aria_FS_60k_20min,,,G:B1,3,,0,0,0,1,,,,,,,
Unknown,Media_23_HILICpos,Media_23_HILICpos,148,cyp19a1 KO,differentiated,basal,dheas,1,C:\Xcalibur\data\Shujian Zheng\03182023_iPSC_Meida_Regularmethods,/Users/mitchjo/Datasets/MorPhic/03182023_iPSC_Meida_Regularmethods/Media_23_HILICpos.raw,C:\Xcalibur\methods\Maheshwor\Metabolomics-Lipidomics-Aria\03222022_MT_HILIC_pos_Aria_FS_60k_20min,,,G:B1,3,,0,0,0,1,,,,,,,
Unknown,Media_23_Rpneg,Media_23_Rpneg,147,cyp19a1 KO,differentiated,basal,dheas,1,C:\Xcalibur\data\Shujian Zheng\03182023_iPSC_Meida_Regularmethods,/Users/mitchjo/Datasets/MorPhic/03182023_iPSC_Meida_Regularmethods/Media_23_Rpneg.raw,C:\Xcalibur\methods\Maheshwor\Metabolomics-Lipidomics-Aria\20220322_MT_RPneg_Aria_FS_60Kres_20min,,,G:A9,3,,0,0,0,1,,,,,,,
Unknown,Media_23_Rppos,Media_23_Rppos,145,cyp19a1 KO,differentiated,basal,dheas,1,C:\Xcalibur\data\Shujian Zheng\03182023_iPSC_Meida_Regularmethods,/Users/mitchjo/Datasets/MorPhic/03182023_iPSC_Meida_Regularmethods/Media_23_Rppos.raw,C:\Xcalibur\methods\Maheshwor\Metabolomics-Lipidomics-Aria\20220322_MT_RPpos_Aria_FS_60Kres_20min,,,G:A9,3,,0,0,0,1,,,,,,,
Unknown,Media_24_HILICneg,Media_24_HILICneg,62,cyp19a1 KO,differentiated,basal,dheas,1,C:\Xcalibur\data\Shujian Zheng\03182023_iPSC_Meida_Regularmethods,/Users/mitchjo/Datasets/MorPhic/03182023_iPSC_Meida_Regularmethods/Media_24_HILICneg.raw,C:\Xcalibur\methods\Maheshwor\Metabolomics-Lipidomics-Aria\03222022_MT_HILIC_neg_Aria_FS_60k_20min,,,R:C6,3,,0,0,0,1,,,,,,,
Unknown,Media_24_HILICpos,Media_24_HILICpos,64,cyp19a1 KO,differentiated,basal,dheas,1,C:\Xcalibur\data\Shujian Zheng\03182023_iPSC_Meida_Regularmethods,/Users/mitchjo/Datasets/MorPhic/03182023_iPSC_Meida_Regularmethods/Media_24_HILICpos.raw,C:\Xcalibur\methods\Maheshwor\Metabolomics-Lipidomics-Aria\03222022_MT_HILIC_pos_Aria_FS_60k_20min,,,R:C6,3,,0,0,0,1,,,,,,,
Unknown,Media_24_Rpneg,Media_24_Rpneg,63,cyp19a1 KO,differentiated,basal,dheas,1,C:\Xcalibur\data\Shujian Zheng\03182023_iPSC_Meida_Regularmethods,/Users/mitchjo/Datasets/MorPhic/03182023_iPSC_Meida_Regularmethods/Media_24_Rpneg.raw,C:\Xcalibur\methods\Maheshwor\Metabolomics-Lipidomics-Aria\20220322_MT_RPneg_Aria_FS_60Kres_20min,,,R:C5,3,,0,0,0,1,,,,,,,
Unknown,Media_24_Rppos,Media_24_Rppos,61,cyp19a1 KO,differentiated,basal,dheas,1,C:\Xcalibur\data\Shujian Zheng\03182023_iPSC_Meida_Regularmethods,/Users/mitchjo/Datasets/MorPhic/03182023_iPSC_Meida_Regularmethods/Media_24_Rppos.raw,C:\Xcalibur\methods\Maheshwor\Metabolomics-Lipidomics-Aria\20220322_MT_RPpos_Aria_FS_60Kres_20min,,,R:C5,3,,0,0,0,1,,,,,,,
Unknown,Media_25_HILICneg,Media_25_HILICneg,166,prlr KO,differentiated,basal,None,1,C:\Xcalibur\data\Shujian Zheng\03182023_iPSC_Meida_Regularmethods,/Users/mitchjo/Datasets/MorPhic/03182023_iPSC_Meida_Regularmethods/Media_25_HILICneg.raw,C:\Xcalibur\methods\Maheshwor\Metabolomics-Lipidomics-Aria\03222022_MT_HILIC_neg_Aria_FS_60k_20min,,,G:C2,3,,0,0,0,1,,,,,,,
Unknown,Media_25_HILICpos,Media_25_HILICpos,168,prlr KO,differentiated,basal,None,1,C:\Xcalibur\data\Shujian Zheng\03182023_iPSC_Meida_Regularmethods,/Users/mitchjo/Datasets/MorPhic/03182023_iPSC_Meida_Regularmethods/Media_25_HILICpos.raw,C:\Xcalibur\methods\Maheshwor\Metabolomics-Lipidomics-Aria\03222022_MT_HILIC_pos_Aria_FS_60k_20min,,,G:C2,3,,0,0,0,1,,,,,,,
Unknown,Media_25_Rpneg,Media_25_Rpneg,167,prlr KO,differentiated,basal,None,1,C:\Xcalibur\data\Shujian Zheng\03182023_iPSC_Meida_Regularmethods,/Users/mitchjo/Datasets/MorPhic/03182023_iPSC_Meida_Regularmethods/Media_25_Rpneg.raw,C:\Xcalibur\methods\Maheshwor\Metabolomics-Lipidomics-Aria\20220322_MT_RPneg_Aria_FS_60Kres_20min,,,G:C1,3,,0,0,0,1,,,,,,,
Unknown,Media_25_Rppos,Media_25_Rppos,165,prlr KO,differentiated,basal,None,1,C:\Xcalibur\data\Shujian Zheng\03182023_iPSC_Meida_Regularmethods,/Users/mitchjo/Datasets/MorPhic/03182023_iPSC_Meida_Regularmethods/Media_25_Rppos.raw,C:\Xcalibur\methods\Maheshwor\Metabolomics-Lipidomics-Aria\20220322_MT_RPpos_Aria_FS_60Kres_20min,,,G:C1,3,,0,0,0,1,,,,,,,
Unknown,Media_26_HILICneg,Media_26_HILICneg,142,prlr KO,differentiated,basal,None,1,C:\Xcalibur\data\Shujian Zheng\03182023_iPSC_Meida_Regularmethods,/Users/mitchjo/Datasets/MorPhic/03182023_iPSC_Meida_Regularmethods/Media_26_HILICneg.raw,C:\Xcalibur\methods\Maheshwor\Metabolomics-Lipidomics-Aria\03222022_MT_HILIC_neg_Aria_FS_60k_20min,,,G:A8,3,,0,0,0,1,,,,,,,
Unknown,Media_26_HILICpos,Media_26_HILICpos,144,prlr KO,differentiated,basal,None,1,C:\Xcalibur\data\Shujian Zheng\03182023_iPSC_Meida_Regularmethods,/Users/mitchjo/Datasets/MorPhic/03182023_iPSC_Meida_Regularmethods/Media_26_HILICpos.raw,C:\Xcalibur\methods\Maheshwor\Metabolomics-Lipidomics-Aria\03222022_MT_HILIC_pos_Aria_FS_60k_20min,,,G:A8,3,,0,0,0,1,,,,,,,
Unknown,Media_26_Rpneg,Media_26_Rpneg,143,prlr KO,differentiated,basal,None,1,C:\Xcalibur\data\Shujian Zheng\03182023_iPSC_Meida_Regularmethods,/Users/mitchjo/Datasets/MorPhic/03182023_iPSC_Meida_Regularmethods/Media_26_Rpneg.raw,C:\Xcalibur\methods\Maheshwor\Metabolomics-Lipidomics-Aria\20220322_MT_RPneg_Aria_FS_60Kres_20min,,,G:A7,3,,0,0,0,1,,,,,,,
Unknown,Media_26_Rppos,Media_26_Rppos,141,prlr KO,differentiated,basal,None,1,C:\Xcalibur\data\Shujian Zheng\03182023_iPSC_Meida_Regularmethods,/Users/mitchjo/Datasets/MorPhic/03182023_iPSC_Meida_Regularmethods/Media_26_Rppos.raw,C:\Xcalibur\methods\Maheshwor\Metabolomics-Lipidomics-Aria\20220322_MT_RPpos_Aria_FS_60Kres_20min,,,G:A7,3,,0,0,0,1,,,,,,,
Unknown,Media_27_HILICneg,Media_27_HILICneg,162,prlr KO,differentiated,basal,None,1,C:\Xcalibur\data\Shujian Zheng\03182023_iPSC_Meida_Regularmethods,/Users/mitchjo/Datasets/MorPhic/03182023_iPSC_Meida_Regularmethods/Media_27_HILICneg.raw,C:\Xcalibur\methods\Maheshwor\Metabolomics-Lipidomics-Aria\03222022_MT_HILIC_neg_Aria_FS_60k_20min,,,G:B9,3,,0,0,0,1,,,,,,,
Unknown,Media_27_HILICpos,Media_27_HILICpos,164,prlr KO,differentiated,basal,None,1,C:\Xcalibur\data\Shujian Zheng\03182023_iPSC_Meida_Regularmethods,/Users/mitchjo/Datasets/MorPhic/03182023_iPSC_Meida_Regularmethods/Media_27_HILICpos.raw,C:\Xcalibur\methods\Maheshwor\Metabolomics-Lipidomics-Aria\03222022_MT_HILIC_pos_Aria_FS_60k_20min,,,G:B9,3,,0,0,0,1,,,,,,,
Unknown,Media_27_Rpneg,Media_27_Rpneg,163,prlr KO,differentiated,basal,None,1,C:\Xcalibur\data\Shujian Zheng\03182023_iPSC_Meida_Regularmethods,/Users/mitchjo/Datasets/MorPhic/03182023_iPSC_Meida_Regularmethods/Media_27_Rpneg.raw,C:\Xcalibur\methods\Maheshwor\Metabolomics-Lipidomics-Aria\20220322_MT_RPneg_Aria_FS_60Kres_20min,,,G:B8,3,,0,0,0,1,,,,,,,
Unknown,Media_27_Rppos,Media_27_Rppos,161,prlr KO,differentiated,basal,None,1,C:\Xcalibur\data\Shujian Zheng\03182023_iPSC_Meida_Regularmethods,/Users/mitchjo/Datasets/MorPhic/03182023_iPSC_Meida_Regularmethods/Media_27_Rppos.raw,C:\Xcalibur\methods\Maheshwor\Metabolomics-Lipidomics-Aria\20220322_MT_RPpos_Aria_FS_60Kres_20min,,,G:B8,3,,0,0,0,1,,,,,,,
Unknown,Media_28_HILICneg,Media_28_HILICneg,82,prlr KO,differentiated,basal,prolactin,1,C:\Xcalibur\data\Shujian Zheng\03182023_iPSC_Meida_Regularmethods,/Users/mitchjo/Datasets/MorPhic/03182023_iPSC_Meida_Regularmethods/Media_28_HILICneg.raw,C:\Xcalibur\methods\Maheshwor\Metabolomics-Lipidomics-Aria\03222022_MT_HILIC_neg_Aria_FS_60k_20min,,,R:D7,3,,0,0,0,1,,,,,,,
Unknown,Media_28_HILICpos,Media_28_HILICpos,84,prlr KO,differentiated,basal,prolactin,1,C:\Xcalibur\data\Shujian Zheng\03182023_iPSC_Meida_Regularmethods,/Users/mitchjo/Datasets/MorPhic/03182023_iPSC_Meida_Regularmethods/Media_28_HILICpos.raw,C:\Xcalibur\methods\Maheshwor\Metabolomics-Lipidomics-Aria\03222022_MT_HILIC_pos_Aria_FS_60k_20min,,,R:D7,3,,0,0,0,1,,,,,,,
Unknown,Media_28_Rpneg,Media_28_Rpneg,83,prlr KO,differentiated,basal,prolactin,1,C:\Xcalibur\data\Shujian Zheng\03182023_iPSC_Meida_Regularmethods,/Users/mitchjo/Datasets/MorPhic/03182023_iPSC_Meida_Regularmethods/Media_28_Rpneg.raw,C:\Xcalibur\methods\Maheshwor\Metabolomics-Lipidomics-Aria\20220322_MT_RPneg_Aria_FS_60Kres_20min,,,R:D6,3,,0,0,0,1,,,,,,,
Unknown,Media_28_Rppos,Media_28_Rppos,81,prlr KO,differentiated,basal,prolactin,1,C:\Xcalibur\data\Shujian Zheng\03182023_iPSC_Meida_Regularmethods,/Users/mitchjo/Datasets/MorPhic/03182023_iPSC_Meida_Regularmethods/Media_28_Rppos.raw,C:\Xcalibur\methods\Maheshwor\Metabolomics-Lipidomics-Aria\20220322_MT_RPpos_Aria_FS_60Kres_20min,,,R:D6,3,,0,0,0,1,,,,,,,
Unknown,Media_29_HILICneg,Media_29_HILICneg,54,prlr KO,differentiated,basal,prolactin,1,C:\Xcalibur\data\Shujian Zheng\03182023_iPSC_Meida_Regularmethods,/Users/mitchjo/Datasets/MorPhic/03182023_iPSC_Meida_Regularmethods/Media_29_HILICneg.raw,C:\Xcalibur\methods\Maheshwor\Metabolomics-Lipidomics-Aria\03222022_MT_HILIC_neg_Aria_FS_60k_20min,,,R:C2,3,,0,0,0,1,,,,,,,
Unknown,Media_29_HILICpos,Media_29_HILICpos,56,prlr KO,differentiated,basal,prolactin,1,C:\Xcalibur\data\Shujian Zheng\03182023_iPSC_Meida_Regularmethods,/Users/mitchjo/Datasets/MorPhic/03182023_iPSC_Meida_Regularmethods/Media_29_HILICpos.raw,C:\Xcalibur\methods\Maheshwor\Metabolomics-Lipidomics-Aria\03222022_MT_HILIC_pos_Aria_FS_60k_20min,,,R:C2,3,,0,0,0,1,,,,,,,
Unknown,Media_29_Rpneg,Media_29_Rpneg,55,prlr KO,differentiated,basal,prolactin,1,C:\Xcalibur\data\Shujian Zheng\03182023_iPSC_Meida_Regularmethods,/Users/mitchjo/Datasets/MorPhic/03182023_iPSC_Meida_Regularmethods/Media_29_Rpneg.raw,C:\Xcalibur\methods\Maheshwor\Metabolomics-Lipidomics-Aria\20220322_MT_RPneg_Aria_FS_60Kres_20min,,,R:C1,3,,0,0,0,1,,,,,,,
Unknown,Media_29_Rppos,Media_29_Rppos,53,prlr KO,differentiated,basal,prolactin,1,C:\Xcalibur\data\Shujian Zheng\03182023_iPSC_Meida_Regularmethods,/Users/mitchjo/Datasets/MorPhic/03182023_iPSC_Meida_Regularmethods/Media_29_Rppos.raw,C:\Xcalibur\methods\Maheshwor\Metabolomics-Lipidomics-Aria\20220322_MT_RPpos_Aria_FS_60Kres_20min,,,R:C1,3,,0,0,0,1,,,,,,,
Unknown,Media_3_HILICneg,Media_3_HILICneg,214,wt,ipsc,basal,None,1,C:\Xcalibur\data\Shujian Zheng\03182023_iPSC_Meida_Regularmethods,/Users/mitchjo/Datasets/MorPhic/03182023_iPSC_Meida_Regularmethods/Media_3_HILICneg.raw,C:\Xcalibur\methods\Maheshwor\Metabolomics-Lipidomics-Aria\03222022_MT_HILIC_neg_Aria_FS_60k_20min,,,G:E8,3,,0,0,0,1,,,,,,,
Unknown,Media_3_HILICpos,Media_3_HILICpos,216,wt,ipsc,basal,None,1,C:\Xcalibur\data\Shujian Zheng\03182023_iPSC_Meida_Regularmethods,/Users/mitchjo/Datasets/MorPhic/03182023_iPSC_Meida_Regularmethods/Media_3_HILICpos.raw,C:\Xcalibur\methods\Maheshwor\Metabolomics-Lipidomics-Aria\03222022_MT_HILIC_pos_Aria_FS_60k_20min,,,G:E8,3,,0,0,0,1,,,,,,,
Unknown,Media_3_Rpneg,Media_3_Rpneg,215,wt,ipsc,basal,None,1,C:\Xcalibur\data\Shujian Zheng\03182023_iPSC_Meida_Regularmethods,/Users/mitchjo/Datasets/MorPhic/03182023_iPSC_Meida_Regularmethods/Media_3_Rpneg.raw,C:\Xcalibur\methods\Maheshwor\Metabolomics-Lipidomics-Aria\20220322_MT_RPneg_Aria_FS_60Kres_20min,,,G:E7,3,,0,0,0,1,,,,,,,
Unknown,Media_3_Rppos,Media_3_Rppos,213,wt,ipsc,basal,None,1,C:\Xcalibur\data\Shujian Zheng\03182023_iPSC_Meida_Regularmethods,/Users/mitchjo/Datasets/MorPhic/03182023_iPSC_Meida_Regularmethods/Media_3_Rppos.raw,C:\Xcalibur\methods\Maheshwor\Metabolomics-Lipidomics-Aria\20220322_MT_RPpos_Aria_FS_60Kres_20min,,,G:E7,3,,0,0,0,1,,,,,,,
Unknown,Media_30_HILICneg,Media_30_HILICneg,230,prlr KO,differentiated,basal,prolactin,1,C:\Xcalibur\data\Shujian Zheng\03182023_iPSC_Meida_Regularmethods,/Users/mitchjo/Datasets/MorPhic/03182023_iPSC_Meida_Regularmethods/Media_30_HILICneg.raw,C:\Xcalibur\methods\Maheshwor\Metabolomics-Lipidomics-Aria\03222022_MT_HILIC_neg_Aria_FS_60k_20min,,,G:F7,3,,0,0,0,1,,,,,,,
Unknown,Media_30_HILICpos,Media_30_HILICpos,232,prlr KO,differentiated,basal,prolactin,1,C:\Xcalibur\data\Shujian Zheng\03182023_iPSC_Meida_Regularmethods,/Users/mitchjo/Datasets/MorPhic/03182023_iPSC_Meida_Regularmethods/Media_30_HILICpos.raw,C:\Xcalibur\methods\Maheshwor\Metabolomics-Lipidomics-Aria\03222022_MT_HILIC_pos_Aria_FS_60k_20min,,,G:F7,3,,0,0,0,1,,,,,,,
Unknown,Media_30_Rpneg,Media_30_Rpneg,231,prlr KO,differentiated,basal,prolactin,1,C:\Xcalibur\data\Shujian Zheng\03182023_iPSC_Meida_Regularmethods,/Users/mitchjo/Datasets/MorPhic/03182023_iPSC_Meida_Regularmethods/Media_30_Rpneg.raw,C:\Xcalibur\methods\Maheshwor\Metabolomics-Lipidomics-Aria\20220322_MT_RPneg_Aria_FS_60Kres_20min,,,G:F6,3,,0,0,0,1,,,,,,,
Unknown,Media_30_Rppos,Media_30_Rppos,229,prlr KO,differentiated,basal,prolactin,1,C:\Xcalibur\data\Shujian Zheng\03182023_iPSC_Meida_Regularmethods,/Users/mitchjo/Datasets/MorPhic/03182023_iPSC_Meida_Regularmethods/Media_30_Rppos.raw,C:\Xcalibur\methods\Maheshwor\Metabolomics-Lipidomics-Aria\20220322_MT_RPpos_Aria_FS_60Kres_20min,,,G:F6,3,,0,0,0,1,,,,,,,
Unknown,Media_31_HILICneg,Media_31_HILICneg,102,prlr KO,differentiated,basal,None,1,C:\Xcalibur\data\Shujian Zheng\03182023_iPSC_Meida_Regularmethods,/Users/mitchjo/Datasets/MorPhic/03182023_iPSC_Meida_Regularmethods/Media_31_HILICneg.raw,C:\Xcalibur\methods\Maheshwor\Metabolomics-Lipidomics-Aria\03222022_MT_HILIC_neg_Aria_FS_60k_20min,,,R:E8,3,,0,0,0,1,,,,,,,
Unknown,Media_31_HILICpos,Media_31_HILICpos,104,prlr KO,differentiated,basal,None,1,C:\Xcalibur\data\Shujian Zheng\03182023_iPSC_Meida_Regularmethods,/Users/mitchjo/Datasets/MorPhic/03182023_iPSC_Meida_Regularmethods/Media_31_HILICpos.raw,C:\Xcalibur\methods\Maheshwor\Metabolomics-Lipidomics-Aria\03222022_MT_HILIC_pos_Aria_FS_60k_20min,,,R:E8,3,,0,0,0,1,,,,,,,
Unknown,Media_31_Rpneg,Media_31_Rpneg,103,prlr KO,differentiated,basal,None,1,C:\Xcalibur\data\Shujian Zheng\03182023_iPSC_Meida_Regularmethods,/Users/mitchjo/Datasets/MorPhic/03182023_iPSC_Meida_Regularmethods/Media_31_Rpneg.raw,C:\Xcalibur\methods\Maheshwor\Metabolomics-Lipidomics-Aria\20220322_MT_RPneg_Aria_FS_60Kres_20min,,,R:E7,3,,0,0,0,1,,,,,,,
Unknown,Media_31_Rppos,Media_31_Rppos,101,prlr KO,differentiated,basal,None,1,C:\Xcalibur\data\Shujian Zheng\03182023_iPSC_Meida_Regularmethods,/Users/mitchjo/Datasets/MorPhic/03182023_iPSC_Meida_Regularmethods/Media_31_Rppos.raw,C:\Xcalibur\methods\Maheshwor\Metabolomics-Lipidomics-Aria\20220322_MT_RPpos_Aria_FS_60Kres_20min,,,R:E7,3,,0,0,0,1,,,,,,,
Unknown,Media_32_HILICneg,Media_32_HILICneg,222,prlr KO,differentiated,basal,None,1,C:\Xcalibur\data\Shujian Zheng\03182023_iPSC_Meida_Regularmethods,/Users/mitchjo/Datasets/MorPhic/03182023_iPSC_Meida_Regularmethods/Media_32_HILICneg.raw,C:\Xcalibur\methods\Maheshwor\Metabolomics-Lipidomics-Aria\03222022_MT_HILIC_neg_Aria_FS_60k_20min,,,G:F3,3,,0,0,0,1,,,,,,,
Unknown,Media_32_HILICpos,Media_32_HILICpos,224,prlr KO,differentiated,basal,None,1,C:\Xcalibur\data\Shujian Zheng\03182023_iPSC_Meida_Regularmethods,/Users/mitchjo/Datasets/MorPhic/03182023_iPSC_Meida_Regularmethods/Media_32_HILICpos.raw,C:\Xcalibur\methods\Maheshwor\Metabolomics-Lipidomics-Aria\03222022_MT_HILIC_pos_Aria_FS_60k_20min,,,G:F3,3,,0,0,0,1,,,,,,,
Unknown,Media_32_Rpneg,Media_32_Rpneg,223,prlr KO,differentiated,basal,None,1,C:\Xcalibur\data\Shujian Zheng\03182023_iPSC_Meida_Regularmethods,/Users/mitchjo/Datasets/MorPhic/03182023_iPSC_Meida_Regularmethods/Media_32_Rpneg.raw,C:\Xcalibur\methods\Maheshwor\Metabolomics-Lipidomics-Aria\20220322_MT_RPneg_Aria_FS_60Kres_20min,,,G:F2,3,,0,0,0,1,,,,,,,
Unknown,Media_32_Rppos,Media_32_Rppos,221,prlr KO,differentiated,basal,None,1,C:\Xcalibur\data\Shujian Zheng\03182023_iPSC_Meida_Regularmethods,/Users/mitchjo/Datasets/MorPhic/03182023_iPSC_Meida_Regularmethods/Media_32_Rppos.raw,C:\Xcalibur\methods\Maheshwor\Metabolomics-Lipidomics-Aria\20220322_MT_RPpos_Aria_FS_60Kres_20min,,,G:F2,3,,0,0,0,1,,,,,,,
Unknown,Media_33_HILICneg,Media_33_HILICneg,174,prlr KO,differentiated,basal,None,1,C:\Xcalibur\data\Shujian Zheng\03182023_iPSC_Meida_Regularmethods,/Users/mitchjo/Datasets/MorPhic/03182023_iPSC_Meida_Regularmethods/Media_33_HILICneg.raw,C:\Xcalibur\methods\Maheshwor\Metabolomics-Lipidomics-Aria\03222022_MT_HILIC_neg_Aria_FS_60k_20min,,,G:C6,3,,0,0,0,1,,,,,,,
Unknown,Media_33_HILICpos,Media_33_HILICpos,176,prlr KO,differentiated,basal,None,1,C:\Xcalibur\data\Shujian Zheng\03182023_iPSC_Meida_Regularmethods,/Users/mitchjo/Datasets/MorPhic/03182023_iPSC_Meida_Regularmethods/Media_33_HILICpos.raw,C:\Xcalibur\methods\Maheshwor\Metabolomics-Lipidomics-Aria\03222022_MT_HILIC_pos_Aria_FS_60k_20min,,,G:C6,3,,0,0,0,1,,,,,,,
Unknown,Media_33_Rpneg,Media_33_Rpneg,175,prlr KO,differentiated,basal,None,1,C:\Xcalibur\data\Shujian Zheng\03182023_iPSC_Meida_Regularmethods,/Users/mitchjo/Datasets/MorPhic/03182023_iPSC_Meida_Regularmethods/Media_33_Rpneg.raw,C:\Xcalibur\methods\Maheshwor\Metabolomics-Lipidomics-Aria\20220322_MT_RPneg_Aria_FS_60Kres_20min,,,G:C5,3,,0,0,0,1,,,,,,,
Unknown,Media_33_Rppos,Media_33_Rppos,173,prlr KO,differentiated,basal,None,1,C:\Xcalibur\data\Shujian Zheng\03182023_iPSC_Meida_Regularmethods,/Users/mitchjo/Datasets/MorPhic/03182023_iPSC_Meida_Regularmethods/Media_33_Rppos.raw,C:\Xcalibur\methods\Maheshwor\Metabolomics-Lipidomics-Aria\20220322_MT_RPpos_Aria_FS_60Kres_20min,,,G:C5,3,,0,0,0,1,,,,,,,
Unknown,Media_34_HILICneg,Media_34_HILICneg,206,prlr KO,differentiated,complex,None,1,C:\Xcalibur\data\Shujian Zheng\03182023_iPSC_Meida_Regularmethods,/Users/mitchjo/Datasets/MorPhic/03182023_iPSC_Meida_Regularmethods/Media_34_HILICneg.raw,C:\Xcalibur\methods\Maheshwor\Metabolomics-Lipidomics-Aria\03222022_MT_HILIC_neg_Aria_FS_60k_20min,,,G:E4,3,,0,0,0,1,,,,,,,
Unknown,Media_34_HILICpos,Media_34_HILICpos,208,prlr KO,differentiated,complex,None,1,C:\Xcalibur\data\Shujian Zheng\03182023_iPSC_Meida_Regularmethods,/Users/mitchjo/Datasets/MorPhic/03182023_iPSC_Meida_Regularmethods/Media_34_HILICpos.raw,C:\Xcalibur\methods\Maheshwor\Metabolomics-Lipidomics-Aria\03222022_MT_HILIC_pos_Aria_FS_60k_20min,,,G:E4,3,,0,0,0,1,,,,,,,
Unknown,Media_34_Rpneg,Media_34_Rpneg,207,prlr KO,differentiated,complex,None,1,C:\Xcalibur\data\Shujian Zheng\03182023_iPSC_Meida_Regularmethods,/Users/mitchjo/Datasets/MorPhic/03182023_iPSC_Meida_Regularmethods/Media_34_Rpneg.raw,C:\Xcalibur\methods\Maheshwor\Metabolomics-Lipidomics-Aria\20220322_MT_RPneg_Aria_FS_60Kres_20min,,,G:E3,3,,0,0,0,1,,,,,,,
Unknown,Media_34_Rppos,Media_34_Rppos,205,prlr KO,differentiated,complex,None,1,C:\Xcalibur\data\Shujian Zheng\03182023_iPSC_Meida_Regularmethods,/Users/mitchjo/Datasets/MorPhic/03182023_iPSC_Meida_Regularmethods/Media_34_Rppos.raw,C:\Xcalibur\methods\Maheshwor\Metabolomics-Lipidomics-Aria\20220322_MT_RPpos_Aria_FS_60Kres_20min,,,G:E3,3,,0,0,0,1,,,,,,,
Unknown,Media_35_HILICneg,Media_35_HILICneg,150,prlr KO,differentiated,complex,None,1,C:\Xcalibur\data\Shujian Zheng\03182023_iPSC_Meida_Regularmethods,/Users/mitchjo/Datasets/MorPhic/03182023_iPSC_Meida_Regularmethods/Media_35_HILICneg.raw,C:\Xcalibur\methods\Maheshwor\Metabolomics-Lipidomics-Aria\03222022_MT_HILIC_neg_Aria_FS_60k_20min,,,G:B3,3,,0,0,0,1,,,,,,,
Unknown,Media_35_HILICpos,Media_35_HILICpos,152,prlr KO,differentiated,complex,None,1,C:\Xcalibur\data\Shujian Zheng\03182023_iPSC_Meida_Regularmethods,/Users/mitchjo/Datasets/MorPhic/03182023_iPSC_Meida_Regularmethods/Media_35_HILICpos.raw,C:\Xcalibur\methods\Maheshwor\Metabolomics-Lipidomics-Aria\03222022_MT_HILIC_pos_Aria_FS_60k_20min,,,G:B3,3,,0,0,0,1,,,,,,,
Unknown,Media_35_Rpneg,Media_35_Rpneg,151,prlr KO,differentiated,complex,None,1,C:\Xcalibur\data\Shujian Zheng\03182023_iPSC_Meida_Regularmethods,/Users/mitchjo/Datasets/MorPhic/03182023_iPSC_Meida_Regularmethods/Media_35_Rpneg.raw,C:\Xcalibur\methods\Maheshwor\Metabolomics-Lipidomics-Aria\20220322_MT_RPneg_Aria_FS_60Kres_20min,,,G:B2,3,,0,0,0,1,,,,,,,
Unknown,Media_35_Rppos,Media_35_Rppos,149,prlr KO,differentiated,complex,None,1,C:\Xcalibur\data\Shujian Zheng\03182023_iPSC_Meida_Regularmethods,/Users/mitchjo/Datasets/MorPhic/03182023_iPSC_Meida_Regularmethods/Media_35_Rppos.raw,C:\Xcalibur\methods\Maheshwor\Metabolomics-Lipidomics-Aria\20220322_MT_RPpos_Aria_FS_60Kres_20min,,,G:B2,3,,0,0,0,1,,,,,,,
Unknown,Media_36_HILICneg,Media_36_HILICneg,114,prlr KO,differentiated,complex,None,1,C:\Xcalibur\data\Shujian Zheng\03182023_iPSC_Meida_Regularmethods,/Users/mitchjo/Datasets/MorPhic/03182023_iPSC_Meida_Regularmethods/Media_36_HILICneg.raw,C:\Xcalibur\methods\Maheshwor\Metabolomics-Lipidomics-Aria\03222022_MT_HILIC_neg_Aria_FS_60k_20min,,,R:F5,3,,0,0,0,1,,,,,,,
Unknown,Media_36_HILICpos,Media_36_HILICpos,116,prlr KO,differentiated,complex,None,1,C:\Xcalibur\data\Shujian Zheng\03182023_iPSC_Meida_Regularmethods,/Users/mitchjo/Datasets/MorPhic/03182023_iPSC_Meida_Regularmethods/Media_36_HILICpos.raw,C:\Xcalibur\methods\Maheshwor\Metabolomics-Lipidomics-Aria\03222022_MT_HILIC_pos_Aria_FS_60k_20min,,,R:F5,3,,0,0,0,1,,,,,,,
Unknown,Media_36_Rpneg,Media_36_Rpneg,115,prlr KO,differentiated,complex,None,1,C:\Xcalibur\data\Shujian Zheng\03182023_iPSC_Meida_Regularmethods,/Users/mitchjo/Datasets/MorPhic/03182023_iPSC_Meida_Regularmethods/Media_36_Rpneg.raw,C:\Xcalibur\methods\Maheshwor\Metabolomics-Lipidomics-Aria\20220322_MT_RPneg_Aria_FS_60Kres_20min,,,R:F4,3,,0,0,0,1,,,,,,,
Unknown,Media_36_Rppos,Media_36_Rppos,113,prlr KO,differentiated,complex,None,1,C:\Xcalibur\data\Shujian Zheng\03182023_iPSC_Meida_Regularmethods,/Users/mitchjo/Datasets/MorPhic/03182023_iPSC_Meida_Regularmethods/Media_36_Rppos.raw,C:\Xcalibur\methods\Maheshwor\Metabolomics-Lipidomics-Aria\20220322_MT_RPpos_Aria_FS_60Kres_20min,,,R:F4,3,,0,0,0,1,,,,,,,
Unknown,Media_37_HILICneg,Media_37_HILICneg,66,ptn KO,differentiated,basal,None,1,C:\Xcalibur\data\Shujian Zheng\03182023_iPSC_Meida_Regularmethods,/Users/mitchjo/Datasets/MorPhic/03182023_iPSC_Meida_Regularmethods/Media_37_HILICneg.raw,C:\Xcalibur\methods\Maheshwor\Metabolomics-Lipidomics-Aria\03222022_MT_HILIC_neg_Aria_FS_60k_20min,,,R:C8,3,,0,0,0,1,,,,,,,
Unknown,Media_37_HILICpos,Media_37_HILICpos,68,ptn KO,differentiated,basal,None,1,C:\Xcalibur\data\Shujian Zheng\03182023_iPSC_Meida_Regularmethods,/Users/mitchjo/Datasets/MorPhic/03182023_iPSC_Meida_Regularmethods/Media_37_HILICpos.raw,C:\Xcalibur\methods\Maheshwor\Metabolomics-Lipidomics-Aria\03222022_MT_HILIC_pos_Aria_FS_60k_20min,,,R:C8,3,,0,0,0,1,,,,,,,
Unknown,Media_37_Rpneg,Media_37_Rpneg,67,ptn KO,differentiated,basal,None,1,C:\Xcalibur\data\Shujian Zheng\03182023_iPSC_Meida_Regularmethods,/Users/mitchjo/Datasets/MorPhic/03182023_iPSC_Meida_Regularmethods/Media_37_Rpneg.raw,C:\Xcalibur\methods\Maheshwor\Metabolomics-Lipidomics-Aria\20220322_MT_RPneg_Aria_FS_60Kres_20min,,,R:C7,3,,0,0,0,1,,,,,,,
Unknown,Media_37_Rppos,Media_37_Rppos,65,ptn KO,differentiated,basal,None,1,C:\Xcalibur\data\Shujian Zheng\03182023_iPSC_Meida_Regularmethods,/Users/mitchjo/Datasets/MorPhic/03182023_iPSC_Meida_Regularmethods/Media_37_Rppos.raw,C:\Xcalibur\methods\Maheshwor\Metabolomics-Lipidomics-Aria\20220322_MT_RPpos_Aria_FS_60Kres_20min,,,R:C7,3,,0,0,0,1,,,,,,,
Unknown,Media_38_HILICneg,Media_38_HILICneg,42,ptn KO,differentiated,basal,None,1,C:\Xcalibur\data\Shujian Zheng\03182023_iPSC_Meida_Regularmethods,/Users/mitchjo/Datasets/MorPhic/03182023_iPSC_Meida_Regularmethods/Media_38_HILICneg.raw,C:\Xcalibur\methods\Maheshwor\Metabolomics-Lipidomics-Aria\03222022_MT_HILIC_neg_Aria_FS_60k_20min,,,R:B5,3,,0,0,0,1,,,,,,,
Unknown,Media_38_HILICpos,Media_38_HILICpos,44,ptn KO,differentiated,basal,None,1,C:\Xcalibur\data\Shujian Zheng\03182023_iPSC_Meida_Regularmethods,/Users/mitchjo/Datasets/MorPhic/03182023_iPSC_Meida_Regularmethods/Media_38_HILICpos.raw,C:\Xcalibur\methods\Maheshwor\Metabolomics-Lipidomics-Aria\03222022_MT_HILIC_pos_Aria_FS_60k_20min,,,R:B5,3,,0,0,0,1,,,,,,,
Unknown,Media_38_Rpneg,Media_38_Rpneg,43,ptn KO,differentiated,basal,None,1,C:\Xcalibur\data\Shujian Zheng\03182023_iPSC_Meida_Regularmethods,/Users/mitchjo/Datasets/MorPhic/03182023_iPSC_Meida_Regularmethods/Media_38_Rpneg.raw,C:\Xcalibur\methods\Maheshwor\Metabolomics-Lipidomics-Aria\20220322_MT_RPneg_Aria_FS_60Kres_20min,,,R:B4,3,,0,0,0,1,,,,,,,
Unknown,Media_38_Rppos,Media_38_Rppos,41,ptn KO,differentiated,basal,None,1,C:\Xcalibur\data\Shujian Zheng\03182023_iPSC_Meida_Regularmethods,/Users/mitchjo/Datasets/MorPhic/03182023_iPSC_Meida_Regularmethods/Media_38_Rppos.raw,C:\Xcalibur\methods\Maheshwor\Metabolomics-Lipidomics-Aria\20220322_MT_RPpos_Aria_FS_60Kres_20min,,,R:B4,3,,0,0,0,1,,,,,,,
Unknown,Media_39_HILICneg,Media_39_HILICneg,38,ptn KO,differentiated,basal,None,1,C:\Xcalibur\data\Shujian Zheng\03182023_iPSC_Meida_Regularmethods,/Users/mitchjo/Datasets/MorPhic/03182023_iPSC_Meida_Regularmethods/Media_39_HILICneg.raw,C:\Xcalibur\methods\Maheshwor\Metabolomics-Lipidomics-Aria\03222022_MT_HILIC_neg_Aria_FS_60k_20min,,,R:B3,3,,0,0,0,1,,,,,,,
Unknown,Media_39_HILICpos,Media_39_HILICpos,40,ptn KO,differentiated,basal,None,1,C:\Xcalibur\data\Shujian Zheng\03182023_iPSC_Meida_Regularmethods,/Users/mitchjo/Datasets/MorPhic/03182023_iPSC_Meida_Regularmethods/Media_39_HILICpos.raw,C:\Xcalibur\methods\Maheshwor\Metabolomics-Lipidomics-Aria\03222022_MT_HILIC_pos_Aria_FS_60k_20min,,,R:B3,3,,0,0,0,1,,,,,,,
Unknown,Media_39_Rpneg,Media_39_Rpneg,39,ptn KO,differentiated,basal,None,1,C:\Xcalibur\data\Shujian Zheng\03182023_iPSC_Meida_Regularmethods,/Users/mitchjo/Datasets/MorPhic/03182023_iPSC_Meida_Regularmethods/Media_39_Rpneg.raw,C:\Xcalibur\methods\Maheshwor\Metabolomics-Lipidomics-Aria\20220322_MT_RPneg_Aria_FS_60Kres_20min,,,R:B2,3,,0,0,0,1,,,,,,,
Unknown,Media_39_Rppos,Media_39_Rppos,37,ptn KO,differentiated,basal,None,1,C:\Xcalibur\data\Shujian Zheng\03182023_iPSC_Meida_Regularmethods,/Users/mitchjo/Datasets/MorPhic/03182023_iPSC_Meida_Regularmethods/Media_39_Rppos.raw,C:\Xcalibur\methods\Maheshwor\Metabolomics-Lipidomics-Aria\20220322_MT_RPpos_Aria_FS_60Kres_20min,,,R:B2,3,,0,0,0,1,,,,,,,
Unknown,Media_4_HILICneg,Media_4_HILICneg,170,ptn KO,ipsc,basal,None,1,C:\Xcalibur\data\Shujian Zheng\03182023_iPSC_Meida_Regularmethods,/Users/mitchjo/Datasets/MorPhic/03182023_iPSC_Meida_Regularmethods/Media_4_HILICneg.raw,C:\Xcalibur\methods\Maheshwor\Metabolomics-Lipidomics-Aria\03222022_MT_HILIC_neg_Aria_FS_60k_20min,,,G:C4,3,,0,0,0,1,,,,,,,
Unknown,Media_4_HILICpos,Media_4_HILICpos,172,ptn KO,ipsc,basal,None,1,C:\Xcalibur\data\Shujian Zheng\03182023_iPSC_Meida_Regularmethods,/Users/mitchjo/Datasets/MorPhic/03182023_iPSC_Meida_Regularmethods/Media_4_HILICpos.raw,C:\Xcalibur\methods\Maheshwor\Metabolomics-Lipidomics-Aria\03222022_MT_HILIC_pos_Aria_FS_60k_20min,,,G:C4,3,,0,0,0,1,,,,,,,
Unknown,Media_4_Rpneg,Media_4_Rpneg,171,ptn KO,ipsc,basal,None,1,C:\Xcalibur\data\Shujian Zheng\03182023_iPSC_Meida_Regularmethods,/Users/mitchjo/Datasets/MorPhic/03182023_iPSC_Meida_Regularmethods/Media_4_Rpneg.raw,C:\Xcalibur\methods\Maheshwor\Metabolomics-Lipidomics-Aria\20220322_MT_RPneg_Aria_FS_60Kres_20min,,,G:C3,3,,0,0,0,1,,,,,,,
Unknown,Media_4_Rppos,Media_4_Rppos,169,ptn KO,ipsc,basal,None,1,C:\Xcalibur\data\Shujian Zheng\03182023_iPSC_Meida_Regularmethods,/Users/mitchjo/Datasets/MorPhic/03182023_iPSC_Meida_Regularmethods/Media_4_Rppos.raw,C:\Xcalibur\methods\Maheshwor\Metabolomics-Lipidomics-Aria\20220322_MT_RPpos_Aria_FS_60Kres_20min,,,G:C3,3,,0,0,0,1,,,,,,,
Unknown,Media_40_HILICneg,Media_40_HILICneg,154,ptn KO,differentiated,complex,None,1,C:\Xcalibur\data\Shujian Zheng\03182023_iPSC_Meida_Regularmethods,/Users/mitchjo/Datasets/MorPhic/03182023_iPSC_Meida_Regularmethods/Media_40_HILICneg.raw,C:\Xcalibur\methods\Maheshwor\Metabolomics-Lipidomics-Aria\03222022_MT_HILIC_neg_Aria_FS_60k_20min,,,G:B5,3,,0,0,0,1,,,,,,,
Unknown,Media_40_HILICpos,Media_40_HILICpos,156,ptn KO,differentiated,complex,None,1,C:\Xcalibur\data\Shujian Zheng\03182023_iPSC_Meida_Regularmethods,/Users/mitchjo/Datasets/MorPhic/03182023_iPSC_Meida_Regularmethods/Media_40_HILICpos.raw,C:\Xcalibur\methods\Maheshwor\Metabolomics-Lipidomics-Aria\03222022_MT_HILIC_pos_Aria_FS_60k_20min,,,G:B5,3,,0,0,0,1,,,,,,,
Unknown,Media_40_Rpneg,Media_40_Rpneg,155,ptn KO,differentiated,complex,None,1,C:\Xcalibur\data\Shujian Zheng\03182023_iPSC_Meida_Regularmethods,/Users/mitchjo/Datasets/MorPhic/03182023_iPSC_Meida_Regularmethods/Media_40_Rpneg.raw,C:\Xcalibur\methods\Maheshwor\Metabolomics-Lipidomics-Aria\20220322_MT_RPneg_Aria_FS_60Kres_20min,,,G:B4,3,,0,0,0,1,,,,,,,
Unknown,Media_40_Rppos,Media_40_Rppos,153,ptn KO,differentiated,complex,None,1,C:\Xcalibur\data\Shujian Zheng\03182023_iPSC_Meida_Regularmethods,/Users/mitchjo/Datasets/MorPhic/03182023_iPSC_Meida_Regularmethods/Media_40_Rppos.raw,C:\Xcalibur\methods\Maheshwor\Metabolomics-Lipidomics-Aria\20220322_MT_RPpos_Aria_FS_60Kres_20min,,,G:B4,3,,0,0,0,1,,,,,,,
Unknown,Media_41_HILICneg,Media_41_HILICneg,158,ptn KO,differentiated,complex,None,1,C:\Xcalibur\data\Shujian Zheng\03182023_iPSC_Meida_Regularmethods,/Users/mitchjo/Datasets/MorPhic/03182023_iPSC_Meida_Regularmethods/Media_41_HILICneg.raw,C:\Xcalibur\methods\Maheshwor\Metabolomics-Lipidomics-Aria\03222022_MT_HILIC_neg_Aria_FS_60k_20min,,,G:B7,3,,0,0,0,1,,,,,,,
Unknown,Media_41_HILICpos,Media_41_HILICpos,160,ptn KO,differentiated,complex,None,1,C:\Xcalibur\data\Shujian Zheng\03182023_iPSC_Meida_Regularmethods,/Users/mitchjo/Datasets/MorPhic/03182023_iPSC_Meida_Regularmethods/Media_41_HILICpos.raw,C:\Xcalibur\methods\Maheshwor\Metabolomics-Lipidomics-Aria\03222022_MT_HILIC_pos_Aria_FS_60k_20min,,,G:B7,3,,0,0,0,1,,,,,,,
Unknown,Media_41_Rpneg,Media_41_Rpneg,159,ptn KO,differentiated,complex,None,1,C:\Xcalibur\data\Shujian Zheng\03182023_iPSC_Meida_Regularmethods,/Users/mitchjo/Datasets/MorPhic/03182023_iPSC_Meida_Regularmethods/Media_41_Rpneg.raw,C:\Xcalibur\methods\Maheshwor\Metabolomics-Lipidomics-Aria\20220322_MT_RPneg_Aria_FS_60Kres_20min,,,G:B6,3,,0,0,0,1,,,,,,,
Unknown,Media_41_Rppos,Media_41_Rppos,157,ptn KO,differentiated,complex,None,1,C:\Xcalibur\data\Shujian Zheng\03182023_iPSC_Meida_Regularmethods,/Users/mitchjo/Datasets/MorPhic/03182023_iPSC_Meida_Regularmethods/Media_41_Rppos.raw,C:\Xcalibur\methods\Maheshwor\Metabolomics-Lipidomics-Aria\20220322_MT_RPpos_Aria_FS_60Kres_20min,,,G:B6,3,,0,0,0,1,,,,,,,
Unknown,Media_42_HILICneg,Media_42_HILICneg,26,ptn KO,differentiated,complex,None,1,C:\Xcalibur\data\Shujian Zheng\03182023_iPSC_Meida_Regularmethods,/Users/mitchjo/Datasets/MorPhic/03182023_iPSC_Meida_Regularmethods/Media_42_HILICneg.raw,C:\Xcalibur\methods\Maheshwor\Metabolomics-Lipidomics-Aria\03222022_MT_HILIC_neg_Aria_FS_60k_20min,,,R:A6,3,,0,0,0,1,,,,,,,
Unknown,Media_42_HILICpos,Media_42_HILICpos,28,ptn KO,differentiated,complex,None,1,C:\Xcalibur\data\Shujian Zheng\03182023_iPSC_Meida_Regularmethods,/Users/mitchjo/Datasets/MorPhic/03182023_iPSC_Meida_Regularmethods/Media_42_HILICpos.raw,C:\Xcalibur\methods\Maheshwor\Metabolomics-Lipidomics-Aria\03222022_MT_HILIC_pos_Aria_FS_60k_20min,,,R:A6,3,,0,0,0,1,,,,,,,
Unknown,Media_42_Rpneg,Media_42_Rpneg,27,ptn KO,differentiated,complex,None,1,C:\Xcalibur\data\Shujian Zheng\03182023_iPSC_Meida_Regularmethods,/Users/mitchjo/Datasets/MorPhic/03182023_iPSC_Meida_Regularmethods/Media_42_Rpneg.raw,C:\Xcalibur\methods\Maheshwor\Metabolomics-Lipidomics-Aria\20220322_MT_RPneg_Aria_FS_60Kres_20min,,,R:A5,3,,0,0,0,1,,,,,,,
Unknown,Media_42_Rppos,Media_42_Rppos,25,ptn KO,differentiated,complex,None,1,C:\Xcalibur\data\Shujian Zheng\03182023_iPSC_Meida_Regularmethods,/Users/mitchjo/Datasets/MorPhic/03182023_iPSC_Meida_Regularmethods/Media_42_Rppos.raw,C:\Xcalibur\methods\Maheshwor\Metabolomics-Lipidomics-Aria\20220322_MT_RPpos_Aria_FS_60Kres_20min,,,R:A5,3,,0,0,0,1,,,,,,,
Unknown,Media_43_HILICneg,Media_43_HILICneg,90,wt,differentiated,basal,None,1,C:\Xcalibur\data\Shujian Zheng\03182023_iPSC_Meida_Regularmethods,/Users/mitchjo/Datasets/MorPhic/03182023_iPSC_Meida_Regularmethods/Media_43_HILICneg.raw,C:\Xcalibur\methods\Maheshwor\Metabolomics-Lipidomics-Aria\03222022_MT_HILIC_neg_Aria_FS_60k_20min,,,R:E2,3,,0,0,0,1,,,,,,,
Unknown,Media_43_HILICpos,Media_43_HILICpos,92,wt,differentiated,basal,None,1,C:\Xcalibur\data\Shujian Zheng\03182023_iPSC_Meida_Regularmethods,/Users/mitchjo/Datasets/MorPhic/03182023_iPSC_Meida_Regularmethods/Media_43_HILICpos.raw,C:\Xcalibur\methods\Maheshwor\Metabolomics-Lipidomics-Aria\03222022_MT_HILIC_pos_Aria_FS_60k_20min,,,R:E2,3,,0,0,0,1,,,,,,,
Unknown,Media_43_Rpneg,Media_43_Rpneg,91,wt,differentiated,basal,None,1,C:\Xcalibur\data\Shujian Zheng\03182023_iPSC_Meida_Regularmethods,/Users/mitchjo/Datasets/MorPhic/03182023_iPSC_Meida_Regularmethods/Media_43_Rpneg.raw,C:\Xcalibur\methods\Maheshwor\Metabolomics-Lipidomics-Aria\20220322_MT_RPneg_Aria_FS_60Kres_20min,,,R:E1,3,,0,0,0,1,,,,,,,
Unknown,Media_43_Rppos,Media_43_Rppos,89,wt,differentiated,basal,None,1,C:\Xcalibur\data\Shujian Zheng\03182023_iPSC_Meida_Regularmethods,/Users/mitchjo/Datasets/MorPhic/03182023_iPSC_Meida_Regularmethods/Media_43_Rppos.raw,C:\Xcalibur\methods\Maheshwor\Metabolomics-Lipidomics-Aria\20220322_MT_RPpos_Aria_FS_60Kres_20min,,,R:E1,3,,0,0,0,1,,,,,,,
Unknown,Media_44_HILICneg,Media_44_HILICneg,110,wt,differentiated,basal,None,1,C:\Xcalibur\data\Shujian Zheng\03182023_iPSC_Meida_Regularmethods,/Users/mitchjo/Datasets/MorPhic/03182023_iPSC_Meida_Regularmethods/Media_44_HILICneg.raw,C:\Xcalibur\methods\Maheshwor\Metabolomics-Lipidomics-Aria\03222022_MT_HILIC_neg_Aria_FS_60k_20min,,,R:F3,3,,0,0,0,1,,,,,,,
Unknown,Media_44_HILICpos,Media_44_HILICpos,112,wt,differentiated,basal,None,1,C:\Xcalibur\data\Shujian Zheng\03182023_iPSC_Meida_Regularmethods,/Users/mitchjo/Datasets/MorPhic/03182023_iPSC_Meida_Regularmethods/Media_44_HILICpos.raw,C:\Xcalibur\methods\Maheshwor\Metabolomics-Lipidomics-Aria\03222022_MT_HILIC_pos_Aria_FS_60k_20min,,,R:F3,3,,0,0,0,1,,,,,,,
Unknown,Media_44_Rpneg,Media_44_Rpneg,111,wt,differentiated,basal,None,1,C:\Xcalibur\data\Shujian Zheng\03182023_iPSC_Meida_Regularmethods,/Users/mitchjo/Datasets/MorPhic/03182023_iPSC_Meida_Regularmethods/Media_44_Rpneg.raw,C:\Xcalibur\methods\Maheshwor\Metabolomics-Lipidomics-Aria\20220322_MT_RPneg_Aria_FS_60Kres_20min,,,R:F2,3,,0,0,0,1,,,,,,,
Unknown,Media_44_Rppos,Media_44_Rppos,109,wt,differentiated,basal,None,1,C:\Xcalibur\data\Shujian Zheng\03182023_iPSC_Meida_Regularmethods,/Users/mitchjo/Datasets/MorPhic/03182023_iPSC_Meida_Regularmethods/Media_44_Rppos.raw,C:\Xcalibur\methods\Maheshwor\Metabolomics-Lipidomics-Aria\20220322_MT_RPpos_Aria_FS_60Kres_20min,,,R:F2,3,,0,0,0,1,,,,,,,
Unknown,Media_45_HILICneg,Media_45_HILICneg,134,wt,differentiated,basal,None,1,C:\Xcalibur\data\Shujian Zheng\03182023_iPSC_Meida_Regularmethods,/Users/mitchjo/Datasets/MorPhic/03182023_iPSC_Meida_Regularmethods/Media_45_HILICneg.raw,C:\Xcalibur\methods\Maheshwor\Metabolomics-Lipidomics-Aria\03222022_MT_HILIC_neg_Aria_FS_60k_20min,,,G:A4,3,,0,0,0,1,,,,,,,
Unknown,Media_45_HILICpos,Media_45_HILICpos,136,wt,differentiated,basal,None,1,C:\Xcalibur\data\Shujian Zheng\03182023_iPSC_Meida_Regularmethods,/Users/mitchjo/Datasets/MorPhic/03182023_iPSC_Meida_Regularmethods/Media_45_HILICpos.raw,C:\Xcalibur\methods\Maheshwor\Metabolomics-Lipidomics-Aria\03222022_MT_HILIC_pos_Aria_FS_60k_20min,,,G:A4,3,,0,0,0,1,,,,,,,
Unknown,Media_45_Rpneg,Media_45_Rpneg,135,wt,differentiated,basal,None,1,C:\Xcalibur\data\Shujian Zheng\03182023_iPSC_Meida_Regularmethods,/Users/mitchjo/Datasets/MorPhic/03182023_iPSC_Meida_Regularmethods/Media_45_Rpneg.raw,C:\Xcalibur\methods\Maheshwor\Metabolomics-Lipidomics-Aria\20220322_MT_RPneg_Aria_FS_60Kres_20min,,,G:A3,3,,0,0,0,1,,,,,,,
Unknown,Media_45_Rppos,Media_45_Rppos,133,wt,differentiated,basal,None,1,C:\Xcalibur\data\Shujian Zheng\03182023_iPSC_Meida_Regularmethods,/Users/mitchjo/Datasets/MorPhic/03182023_iPSC_Meida_Regularmethods/Media_45_Rppos.raw,C:\Xcalibur\methods\Maheshwor\Metabolomics-Lipidomics-Aria\20220322_MT_RPpos_Aria_FS_60Kres_20min,,,G:A3,3,,0,0,0,1,,,,,,,
Unknown,Media_46_HILICneg,Media_46_HILICneg,22,wt,differentiated,complex,None,1,C:\Xcalibur\data\Shujian Zheng\03182023_iPSC_Meida_Regularmethods,/Users/mitchjo/Datasets/MorPhic/03182023_iPSC_Meida_Regularmethods/Media_46_HILICneg.raw,C:\Xcalibur\methods\Maheshwor\Metabolomics-Lipidomics-Aria\03222022_MT_HILIC_neg_Aria_FS_60k_20min,,,R:A4,3,,0,0,0,1,,,,,,,
Unknown,Media_46_HILICpos,Media_46_HILICpos,24,wt,differentiated,complex,None,1,C:\Xcalibur\data\Shujian Zheng\03182023_iPSC_Meida_Regularmethods,/Users/mitchjo/Datasets/MorPhic/03182023_iPSC_Meida_Regularmethods/Media_46_HILICpos.raw,C:\Xcalibur\methods\Maheshwor\Metabolomics-Lipidomics-Aria\03222022_MT_HILIC_pos_Aria_FS_60k_20min,,,R:A4,3,,0,0,0,1,,,,,,,
Unknown,Media_46_Rpneg,Media_46_Rpneg,23,wt,differentiated,complex,None,1,C:\Xcalibur\data\Shujian Zheng\03182023_iPSC_Meida_Regularmethods,/Users/mitchjo/Datasets/MorPhic/03182023_iPSC_Meida_Regularmethods/Media_46_Rpneg.raw,C:\Xcalibur\methods\Maheshwor\Metabolomics-Lipidomics-Aria\20220322_MT_RPneg_Aria_FS_60Kres_20min,,,R:A3,3,,0,0,0,1,,,,,,,
Unknown,Media_46_Rppos,Media_46_Rppos,21,wt,differentiated,complex,None,1,C:\Xcalibur\data\Shujian Zheng\03182023_iPSC_Meida_Regularmethods,/Users/mitchjo/Datasets/MorPhic/03182023_iPSC_Meida_Regularmethods/Media_46_Rppos.raw,C:\Xcalibur\methods\Maheshwor\Metabolomics-Lipidomics-Aria\20220322_MT_RPpos_Aria_FS_60Kres_20min,,,R:A3,3,,0,0,0,1,,,,,,,
Unknown,Media_47_HILICneg,Media_47_HILICneg,74,wt,differentiated,complex,None,1,C:\Xcalibur\data\Shujian Zheng\03182023_iPSC_Meida_Regularmethods,/Users/mitchjo/Datasets/MorPhic/03182023_iPSC_Meida_Regularmethods/Media_47_HILICneg.raw,C:\Xcalibur\methods\Maheshwor\Metabolomics-Lipidomics-Aria\03222022_MT_HILIC_neg_Aria_FS_60k_20min,,,R:D3,3,,0,0,0,1,,,,,,,
Unknown,Media_47_HILICpos,Media_47_HILICpos,76,wt,differentiated,complex,None,1,C:\Xcalibur\data\Shujian Zheng\03182023_iPSC_Meida_Regularmethods,/Users/mitchjo/Datasets/MorPhic/03182023_iPSC_Meida_Regularmethods/Media_47_HILICpos.raw,C:\Xcalibur\methods\Maheshwor\Metabolomics-Lipidomics-Aria\03222022_MT_HILIC_pos_Aria_FS_60k_20min,,,R:D3,3,,0,0,0,1,,,,,,,
Unknown,Media_47_Rpneg,Media_47_Rpneg,75,wt,differentiated,complex,None,1,C:\Xcalibur\data\Shujian Zheng\03182023_iPSC_Meida_Regularmethods,/Users/mitchjo/Datasets/MorPhic/03182023_iPSC_Meida_Regularmethods/Media_47_Rpneg.raw,C:\Xcalibur\methods\Maheshwor\Metabolomics-Lipidomics-Aria\20220322_MT_RPneg_Aria_FS_60Kres_20min,,,R:D2,3,,0,0,0,1,,,,,,,
Unknown,Media_47_Rppos,Media_47_Rppos,73,wt,differentiated,complex,None,1,C:\Xcalibur\data\Shujian Zheng\03182023_iPSC_Meida_Regularmethods,/Users/mitchjo/Datasets/MorPhic/03182023_iPSC_Meida_Regularmethods/Media_47_Rppos.raw,C:\Xcalibur\methods\Maheshwor\Metabolomics-Lipidomics-Aria\20220322_MT_RPpos_Aria_FS_60Kres_20min,,,R:D2,3,,0,0,0,1,,,,,,,
Unknown,Media_48_HILICneg,Media_48_HILICneg,30,wt,differentiated,complex,None,1,C:\Xcalibur\data\Shujian Zheng\03182023_iPSC_Meida_Regularmethods,/Users/mitchjo/Datasets/MorPhic/03182023_iPSC_Meida_Regularmethods/Media_48_HILICneg.raw,C:\Xcalibur\methods\Maheshwor\Metabolomics-Lipidomics-Aria\03222022_MT_HILIC_neg_Aria_FS_60k_20min,,,R:A8,3,,0,0,0,1,,,,,,,
Unknown,Media_48_HILICpos,Media_48_HILICpos,32,wt,differentiated,complex,None,1,C:\Xcalibur\data\Shujian Zheng\03182023_iPSC_Meida_Regularmethods,/Users/mitchjo/Datasets/MorPhic/03182023_iPSC_Meida_Regularmethods/Media_48_HILICpos.raw,C:\Xcalibur\methods\Maheshwor\Metabolomics-Lipidomics-Aria\03222022_MT_HILIC_pos_Aria_FS_60k_20min,,,R:A8,3,,0,0,0,1,,,,,,,
Unknown,Media_48_Rpneg,Media_48_Rpneg,31,wt,differentiated,complex,None,1,C:\Xcalibur\data\Shujian Zheng\03182023_iPSC_Meida_Regularmethods,/Users/mitchjo/Datasets/MorPhic/03182023_iPSC_Meida_Regularmethods/Media_48_Rpneg.raw,C:\Xcalibur\methods\Maheshwor\Metabolomics-Lipidomics-Aria\20220322_MT_RPneg_Aria_FS_60Kres_20min,,,R:A7,3,,0,0,0,1,,,,,,,
Unknown,Media_48_Rppos,Media_48_Rppos,29,wt,differentiated,complex,None,1,C:\Xcalibur\data\Shujian Zheng\03182023_iPSC_Meida_Regularmethods,/Users/mitchjo/Datasets/MorPhic/03182023_iPSC_Meida_Regularmethods/Media_48_Rppos.raw,C:\Xcalibur\methods\Maheshwor\Metabolomics-Lipidomics-Aria\20220322_MT_RPpos_Aria_FS_60Kres_20min,,,R:A7,3,,0,0,0,1,,,,,,,
Unknown,Media_49_HILICneg,Media_49_HILICneg,118,cyp19a1 KO,differentiated,basal,None,1,C:\Xcalibur\data\Shujian Zheng\03182023_iPSC_Meida_Regularmethods,/Users/mitchjo/Datasets/MorPhic/03182023_iPSC_Meida_Regularmethods/Media_49_HILICneg.raw,C:\Xcalibur\methods\Maheshwor\Metabolomics-Lipidomics-Aria\03222022_MT_HILIC_neg_Aria_FS_60k_20min,,,R:F7,3,,0,0,0,1,,,,,,,
Unknown,Media_49_HILICpos,Media_49_HILICpos,120,cyp19a1 KO,differentiated,basal,None,1,C:\Xcalibur\data\Shujian Zheng\03182023_iPSC_Meida_Regularmethods,/Users/mitchjo/Datasets/MorPhic/03182023_iPSC_Meida_Regularmethods/Media_49_HILICpos.raw,C:\Xcalibur\methods\Maheshwor\Metabolomics-Lipidomics-Aria\03222022_MT_HILIC_pos_Aria_FS_60k_20min,,,R:F7,3,,0,0,0,1,,,,,,,
Unknown,Media_49_Rpneg,Media_49_Rpneg,119,cyp19a1 KO,differentiated,basal,None,1,C:\Xcalibur\data\Shujian Zheng\03182023_iPSC_Meida_Regularmethods,/Users/mitchjo/Datasets/MorPhic/03182023_iPSC_Meida_Regularmethods/Media_49_Rpneg.raw,C:\Xcalibur\methods\Maheshwor\Metabolomics-Lipidomics-Aria\20220322_MT_RPneg_Aria_FS_60Kres_20min,,,R:F6,3,,0,0,0,1,,,,,,,
Unknown,Media_49_Rppos,Media_49_Rppos,117,cyp19a1 KO,differentiated,basal,None,1,C:\Xcalibur\data\Shujian Zheng\03182023_iPSC_Meida_Regularmethods,/Users/mitchjo/Datasets/MorPhic/03182023_iPSC_Meida_Regularmethods/Media_49_Rppos.raw,C:\Xcalibur\methods\Maheshwor\Metabolomics-Lipidomics-Aria\20220322_MT_RPpos_Aria_FS_60Kres_20min,,,R:F6,3,,0,0,0,1,,,,,,,
Unknown,Media_5_HILICneg,Media_5_HILICneg,226,ptn KO,ipsc,basal,None,1,C:\Xcalibur\data\Shujian Zheng\03182023_iPSC_Meida_Regularmethods,/Users/mitchjo/Datasets/MorPhic/03182023_iPSC_Meida_Regularmethods/Media_5_HILICneg.raw,C:\Xcalibur\methods\Maheshwor\Metabolomics-Lipidomics-Aria\03222022_MT_HILIC_neg_Aria_FS_60k_20min,,,G:F5,3,,0,0,0,1,,,,,,,
Unknown,Media_5_HILICpos,Media_5_HILICpos,228,ptn KO,ipsc,basal,None,1,C:\Xcalibur\data\Shujian Zheng\03182023_iPSC_Meida_Regularmethods,/Users/mitchjo/Datasets/MorPhic/03182023_iPSC_Meida_Regularmethods/Media_5_HILICpos.raw,C:\Xcalibur\methods\Maheshwor\Metabolomics-Lipidomics-Aria\03222022_MT_HILIC_pos_Aria_FS_60k_20min,,,G:F5,3,,0,0,0,1,,,,,,,
Unknown,Media_5_Rpneg,Media_5_Rpneg,227,ptn KO,ipsc,basal,None,1,C:\Xcalibur\data\Shujian Zheng\03182023_iPSC_Meida_Regularmethods,/Users/mitchjo/Datasets/MorPhic/03182023_iPSC_Meida_Regularmethods/Media_5_Rpneg.raw,C:\Xcalibur\methods\Maheshwor\Metabolomics-Lipidomics-Aria\20220322_MT_RPneg_Aria_FS_60Kres_20min,,,G:F4,3,,0,0,0,1,,,,,,,
Unknown,Media_5_Rppos,Media_5_Rppos,225,ptn KO,ipsc,basal,None,1,C:\Xcalibur\data\Shujian Zheng\03182023_iPSC_Meida_Regularmethods,/Users/mitchjo/Datasets/MorPhic/03182023_iPSC_Meida_Regularmethods/Media_5_Rppos.raw,C:\Xcalibur\methods\Maheshwor\Metabolomics-Lipidomics-Aria\20220322_MT_RPpos_Aria_FS_60Kres_20min,,,G:F4,3,,0,0,0,1,,,,,,,
Unknown,Media_50_HILICneg,Media_50_HILICneg,190,cyp19a1 KO,differentiated,basal,None,1,C:\Xcalibur\data\Shujian Zheng\03182023_iPSC_Meida_Regularmethods,/Users/mitchjo/Datasets/MorPhic/03182023_iPSC_Meida_Regularmethods/Media_50_HILICneg.raw,C:\Xcalibur\methods\Maheshwor\Metabolomics-Lipidomics-Aria\03222022_MT_HILIC_neg_Aria_FS_60k_20min,,,G:D5,3,,0,0,0,1,,,,,,,
Unknown,Media_50_HILICpos,Media_50_HILICpos,192,cyp19a1 KO,differentiated,basal,None,1,C:\Xcalibur\data\Shujian Zheng\03182023_iPSC_Meida_Regularmethods,/Users/mitchjo/Datasets/MorPhic/03182023_iPSC_Meida_Regularmethods/Media_50_HILICpos.raw,C:\Xcalibur\methods\Maheshwor\Metabolomics-Lipidomics-Aria\03222022_MT_HILIC_pos_Aria_FS_60k_20min,,,G:D5,3,,0,0,0,1,,,,,,,
Unknown,Media_50_Rpneg,Media_50_Rpneg,191,cyp19a1 KO,differentiated,basal,None,1,C:\Xcalibur\data\Shujian Zheng\03182023_iPSC_Meida_Regularmethods,/Users/mitchjo/Datasets/MorPhic/03182023_iPSC_Meida_Regularmethods/Media_50_Rpneg.raw,C:\Xcalibur\methods\Maheshwor\Metabolomics-Lipidomics-Aria\20220322_MT_RPneg_Aria_FS_60Kres_20min,,,G:D4,3,,0,0,0,1,,,,,,,
Unknown,Media_50_Rppos,Media_50_Rppos,189,cyp19a1 KO,differentiated,basal,None,1,C:\Xcalibur\data\Shujian Zheng\03182023_iPSC_Meida_Regularmethods,/Users/mitchjo/Datasets/MorPhic/03182023_iPSC_Meida_Regularmethods/Media_50_Rppos.raw,C:\Xcalibur\methods\Maheshwor\Metabolomics-Lipidomics-Aria\20220322_MT_RPpos_Aria_FS_60Kres_20min,,,G:D4,3,,0,0,0,1,,,,,,,
Unknown,Media_51_HILICneg,Media_51_HILICneg,130,cyp19a1 KO,differentiated,basal,None,1,C:\Xcalibur\data\Shujian Zheng\03182023_iPSC_Meida_Regularmethods,/Users/mitchjo/Datasets/MorPhic/03182023_iPSC_Meida_Regularmethods/Media_51_HILICneg.raw,C:\Xcalibur\methods\Maheshwor\Metabolomics-Lipidomics-Aria\03222022_MT_HILIC_neg_Aria_FS_60k_20min,,,G:A2,3,,0,0,0,1,,,,,,,
Unknown,Media_51_HILICpos,Media_51_HILICpos,132,cyp19a1 KO,differentiated,basal,None,1,C:\Xcalibur\data\Shujian Zheng\03182023_iPSC_Meida_Regularmethods,/Users/mitchjo/Datasets/MorPhic/03182023_iPSC_Meida_Regularmethods/Media_51_HILICpos.raw,C:\Xcalibur\methods\Maheshwor\Metabolomics-Lipidomics-Aria\03222022_MT_HILIC_pos_Aria_FS_60k_20min,,,G:A2,3,,0,0,0,1,,,,,,,
Unknown,Media_51_Rpneg,Media_51_Rpneg,131,cyp19a1 KO,differentiated,basal,None,1,C:\Xcalibur\data\Shujian Zheng\03182023_iPSC_Meida_Regularmethods,/Users/mitchjo/Datasets/MorPhic/03182023_iPSC_Meida_Regularmethods/Media_51_Rpneg.raw,C:\Xcalibur\methods\Maheshwor\Metabolomics-Lipidomics-Aria\20220322_MT_RPneg_Aria_FS_60Kres_20min,,,G:A1,3,,0,0,0,1,,,,,,,
Unknown,Media_51_Rppos,Media_51_Rppos,129,cyp19a1 KO,differentiated,basal,None,1,C:\Xcalibur\data\Shujian Zheng\03182023_iPSC_Meida_Regularmethods,/Users/mitchjo/Datasets/MorPhic/03182023_iPSC_Meida_Regularmethods/Media_51_Rppos.raw,C:\Xcalibur\methods\Maheshwor\Metabolomics-Lipidomics-Aria\20220322_MT_RPpos_Aria_FS_60Kres_20min,,,G:A1,3,,0,0,0,1,,,,,,,
Unknown,Media_52_HILICneg,Media_52_HILICneg,94,cyp19a1 KO,differentiated,complex,None,1,C:\Xcalibur\data\Shujian Zheng\03182023_iPSC_Meida_Regularmethods,/Users/mitchjo/Datasets/MorPhic/03182023_iPSC_Meida_Regularmethods/Media_52_HILICneg.raw,C:\Xcalibur\methods\Maheshwor\Metabolomics-Lipidomics-Aria\03222022_MT_HILIC_neg_Aria_FS_60k_20min,,,R:E4,3,,0,0,0,1,,,,,,,
Unknown,Media_52_HILICpos,Media_52_HILICpos,96,cyp19a1 KO,differentiated,complex,None,1,C:\Xcalibur\data\Shujian Zheng\03182023_iPSC_Meida_Regularmethods,/Users/mitchjo/Datasets/MorPhic/03182023_iPSC_Meida_Regularmethods/Media_52_HILICpos.raw,C:\Xcalibur\methods\Maheshwor\Metabolomics-Lipidomics-Aria\03222022_MT_HILIC_pos_Aria_FS_60k_20min,,,R:E4,3,,0,0,0,1,,,,,,,
Unknown,Media_52_Rpneg,Media_52_Rpneg,95,cyp19a1 KO,differentiated,complex,None,1,C:\Xcalibur\data\Shujian Zheng\03182023_iPSC_Meida_Regularmethods,/Users/mitchjo/Datasets/MorPhic/03182023_iPSC_Meida_Regularmethods/Media_52_Rpneg.raw,C:\Xcalibur\methods\Maheshwor\Metabolomics-Lipidomics-Aria\20220322_MT_RPneg_Aria_FS_60Kres_20min,,,R:E3,3,,0,0,0,1,,,,,,,
Unknown,Media_52_Rppos,Media_52_Rppos,93,cyp19a1 KO,differentiated,complex,None,1,C:\Xcalibur\data\Shujian Zheng\03182023_iPSC_Meida_Regularmethods,/Users/mitchjo/Datasets/MorPhic/03182023_iPSC_Meida_Regularmethods/Media_52_Rppos.raw,C:\Xcalibur\methods\Maheshwor\Metabolomics-Lipidomics-Aria\20220322_MT_RPpos_Aria_FS_60Kres_20min,,,R:E3,3,,0,0,0,1,,,,,,,
Unknown,Media_53_HILICneg,Media_53_HILICneg,218,cyp19a1 KO,differentiated,complex,None,1,C:\Xcalibur\data\Shujian Zheng\03182023_iPSC_Meida_Regularmethods,/Users/mitchjo/Datasets/MorPhic/03182023_iPSC_Meida_Regularmethods/Media_53_HILICneg.raw,C:\Xcalibur\methods\Maheshwor\Metabolomics-Lipidomics-Aria\03222022_MT_HILIC_neg_Aria_FS_60k_20min,,,G:F1,3,,0,0,0,1,,,,,,,
Unknown,Media_53_HILICpos,Media_53_HILICpos,220,cyp19a1 KO,differentiated,complex,None,1,C:\Xcalibur\data\Shujian Zheng\03182023_iPSC_Meida_Regularmethods,/Users/mitchjo/Datasets/MorPhic/03182023_iPSC_Meida_Regularmethods/Media_53_HILICpos.raw,C:\Xcalibur\methods\Maheshwor\Metabolomics-Lipidomics-Aria\03222022_MT_HILIC_pos_Aria_FS_60k_20min,,,G:F1,3,,0,0,0,1,,,,,,,
Unknown,Media_53_Rpneg,Media_53_Rpneg,219,cyp19a1 KO,differentiated,complex,None,1,C:\Xcalibur\data\Shujian Zheng\03182023_iPSC_Meida_Regularmethods,/Users/mitchjo/Datasets/MorPhic/03182023_iPSC_Meida_Regularmethods/Media_53_Rpneg.raw,C:\Xcalibur\methods\Maheshwor\Metabolomics-Lipidomics-Aria\20220322_MT_RPneg_Aria_FS_60Kres_20min,,,G:E9,3,,0,0,0,1,,,,,,,
Unknown,Media_53_Rppos,Media_53_Rppos,217,cyp19a1 KO,differentiated,complex,None,1,C:\Xcalibur\data\Shujian Zheng\03182023_iPSC_Meida_Regularmethods,/Users/mitchjo/Datasets/MorPhic/03182023_iPSC_Meida_Regularmethods/Media_53_Rppos.raw,C:\Xcalibur\methods\Maheshwor\Metabolomics-Lipidomics-Aria\20220322_MT_RPpos_Aria_FS_60Kres_20min,,,G:E9,3,,0,0,0,1,,,,,,,
Unknown,Media_54_HILICneg,Media_54_HILICneg,70,cyp19a1 KO,differentiated,complex,None,1,C:\Xcalibur\data\Shujian Zheng\03182023_iPSC_Meida_Regularmethods,/Users/mitchjo/Datasets/MorPhic/03182023_iPSC_Meida_Regularmethods/Media_54_HILICneg.raw,C:\Xcalibur\methods\Maheshwor\Metabolomics-Lipidomics-Aria\03222022_MT_HILIC_neg_Aria_FS_60k_20min,,,R:D1,3,,0,0,0,1,,,,,,,
Unknown,Media_54_HILICpos,Media_54_HILICpos,72,cyp19a1 KO,differentiated,complex,None,1,C:\Xcalibur\data\Shujian Zheng\03182023_iPSC_Meida_Regularmethods,/Users/mitchjo/Datasets/MorPhic/03182023_iPSC_Meida_Regularmethods/Media_54_HILICpos.raw,C:\Xcalibur\methods\Maheshwor\Metabolomics-Lipidomics-Aria\03222022_MT_HILIC_pos_Aria_FS_60k_20min,,,R:D1,3,,0,0,0,1,,,,,,,
Unknown,Media_54_Rpneg,Media_54_Rpneg,71,cyp19a1 KO,differentiated,complex,None,1,C:\Xcalibur\data\Shujian Zheng\03182023_iPSC_Meida_Regularmethods,/Users/mitchjo/Datasets/MorPhic/03182023_iPSC_Meida_Regularmethods/Media_54_Rpneg.raw,C:\Xcalibur\methods\Maheshwor\Metabolomics-Lipidomics-Aria\20220322_MT_RPneg_Aria_FS_60Kres_20min,,,R:C9,3,,0,0,0,1,,,,,,,
Unknown,Media_54_Rppos,Media_54_Rppos,69,cyp19a1 KO,differentiated,complex,None,1,C:\Xcalibur\data\Shujian Zheng\03182023_iPSC_Meida_Regularmethods,/Users/mitchjo/Datasets/MorPhic/03182023_iPSC_Meida_Regularmethods/Media_54_Rppos.raw,C:\Xcalibur\methods\Maheshwor\Metabolomics-Lipidomics-Aria\20220322_MT_RPpos_Aria_FS_60Kres_20min,,,R:C9,3,,0,0,0,1,,,,,,,
Unknown,Media_6_HILICneg,Media_6_HILICneg,50,ptn KO,ipsc,basal,None,1,C:\Xcalibur\data\Shujian Zheng\03182023_iPSC_Meida_Regularmethods,/Users/mitchjo/Datasets/MorPhic/03182023_iPSC_Meida_Regularmethods/Media_6_HILICneg.raw,C:\Xcalibur\methods\Maheshwor\Metabolomics-Lipidomics-Aria\03222022_MT_HILIC_neg_Aria_FS_60k_20min,,,R:B9,3,,0,0,0,1,,,,,,,
Unknown,Media_6_HILICpos,Media_6_HILICpos,52,ptn KO,ipsc,basal,None,1,C:\Xcalibur\data\Shujian Zheng\03182023_iPSC_Meida_Regularmethods,/Users/mitchjo/Datasets/MorPhic/03182023_iPSC_Meida_Regularmethods/Media_6_HILICpos.raw,C:\Xcalibur\methods\Maheshwor\Metabolomics-Lipidomics-Aria\03222022_MT_HILIC_pos_Aria_FS_60k_20min,,,R:B9,3,,0,0,0,1,,,,,,,
Unknown,Media_6_Rpneg,Media_6_Rpneg,51,ptn KO,ipsc,basal,None,1,C:\Xcalibur\data\Shujian Zheng\03182023_iPSC_Meida_Regularmethods,/Users/mitchjo/Datasets/MorPhic/03182023_iPSC_Meida_Regularmethods/Media_6_Rpneg.raw,C:\Xcalibur\methods\Maheshwor\Metabolomics-Lipidomics-Aria\20220322_MT_RPneg_Aria_FS_60Kres_20min,,,R:B8,3,,0,0,0,1,,,,,,,
Unknown,Media_6_Rppos,Media_6_Rppos,49,ptn KO,ipsc,basal,None,1,C:\Xcalibur\data\Shujian Zheng\03182023_iPSC_Meida_Regularmethods,/Users/mitchjo/Datasets/MorPhic/03182023_iPSC_Meida_Regularmethods/Media_6_Rppos.raw,C:\Xcalibur\methods\Maheshwor\Metabolomics-Lipidomics-Aria\20220322_MT_RPpos_Aria_FS_60Kres_20min,,,R:B8,3,,0,0,0,1,,,,,,,
Unknown,Media_7_HILICneg,Media_7_HILICneg,58,cyp19a1 KO,ipsc,basal,None,1,C:\Xcalibur\data\Shujian Zheng\03182023_iPSC_Meida_Regularmethods,/Users/mitchjo/Datasets/MorPhic/03182023_iPSC_Meida_Regularmethods/Media_7_HILICneg.raw,C:\Xcalibur\methods\Maheshwor\Metabolomics-Lipidomics-Aria\03222022_MT_HILIC_neg_Aria_FS_60k_20min,,,R:C4,3,,0,0,0,1,,,,,,,
Unknown,Media_7_HILICpos,Media_7_HILICpos,60,cyp19a1 KO,ipsc,basal,None,1,C:\Xcalibur\data\Shujian Zheng\03182023_iPSC_Meida_Regularmethods,/Users/mitchjo/Datasets/MorPhic/03182023_iPSC_Meida_Regularmethods/Media_7_HILICpos.raw,C:\Xcalibur\methods\Maheshwor\Metabolomics-Lipidomics-Aria\03222022_MT_HILIC_pos_Aria_FS_60k_20min,,,R:C4,3,,0,0,0,1,,,,,,,
Unknown,Media_7_Rpneg,Media_7_Rpneg,59,cyp19a1 KO,ipsc,basal,None,1,C:\Xcalibur\data\Shujian Zheng\03182023_iPSC_Meida_Regularmethods,/Users/mitchjo/Datasets/MorPhic/03182023_iPSC_Meida_Regularmethods/Media_7_Rpneg.raw,C:\Xcalibur\methods\Maheshwor\Metabolomics-Lipidomics-Aria\20220322_MT_RPneg_Aria_FS_60Kres_20min,,,R:C3,3,,0,0,0,1,,,,,,,
Unknown,Media_7_Rppos,Media_7_Rppos,57,cyp19a1 KO,ipsc,basal,None,1,C:\Xcalibur\data\Shujian Zheng\03182023_iPSC_Meida_Regularmethods,/Users/mitchjo/Datasets/MorPhic/03182023_iPSC_Meida_Regularmethods/Media_7_Rppos.raw,C:\Xcalibur\methods\Maheshwor\Metabolomics-Lipidomics-Aria\20220322_MT_RPpos_Aria_FS_60Kres_20min,,,R:C3,3,,0,0,0,1,,,,,,,
Unknown,Media_8_HILICneg,Media_8_HILICneg,106,cyp19a1 KO,ipsc,basal,None,1,C:\Xcalibur\data\Shujian Zheng\03182023_iPSC_Meida_Regularmethods,/Users/mitchjo/Datasets/MorPhic/03182023_iPSC_Meida_Regularmethods/Media_8_HILICneg.raw,C:\Xcalibur\methods\Maheshwor\Metabolomics-Lipidomics-Aria\03222022_MT_HILIC_neg_Aria_FS_60k_20min,,,R:F1,3,,0,0,0,1,,,,,,,
Unknown,Media_8_HILICpos,Media_8_HILICpos,108,cyp19a1 KO,ipsc,basal,None,1,C:\Xcalibur\data\Shujian Zheng\03182023_iPSC_Meida_Regularmethods,/Users/mitchjo/Datasets/MorPhic/03182023_iPSC_Meida_Regularmethods/Media_8_HILICpos.raw,C:\Xcalibur\methods\Maheshwor\Metabolomics-Lipidomics-Aria\03222022_MT_HILIC_pos_Aria_FS_60k_20min,,,R:F1,3,,0,0,0,1,,,,,,,
Unknown,Media_8_Rpneg,Media_8_Rpneg,107,cyp19a1 KO,ipsc,basal,None,1,C:\Xcalibur\data\Shujian Zheng\03182023_iPSC_Meida_Regularmethods,/Users/mitchjo/Datasets/MorPhic/03182023_iPSC_Meida_Regularmethods/Media_8_Rpneg.raw,C:\Xcalibur\methods\Maheshwor\Metabolomics-Lipidomics-Aria\20220322_MT_RPneg_Aria_FS_60Kres_20min,,,R:E9,3,,0,0,0,1,,,,,,,
Unknown,Media_8_Rppos,Media_8_Rppos,105,cyp19a1 KO,ipsc,basal,None,1,C:\Xcalibur\data\Shujian Zheng\03182023_iPSC_Meida_Regularmethods,/Users/mitchjo/Datasets/MorPhic/03182023_iPSC_Meida_Regularmethods/Media_8_Rppos.raw,C:\Xcalibur\methods\Maheshwor\Metabolomics-Lipidomics-Aria\20220322_MT_RPpos_Aria_FS_60Kres_20min,,,R:E9,3,,0,0,0,1,,,,,,,
Unknown,Media_9_HILICneg,Media_9_HILICneg,194,cyp19a1 KO,ipsc,basal,None,1,C:\Xcalibur\data\Shujian Zheng\03182023_iPSC_Meida_Regularmethods,/Users/mitchjo/Datasets/MorPhic/03182023_iPSC_Meida_Regularmethods/Media_9_HILICneg.raw,C:\Xcalibur\methods\Maheshwor\Metabolomics-Lipidomics-Aria\03222022_MT_HILIC_neg_Aria_FS_60k_20min,,,G:D7,3,,0,0,0,1,,,,,,,
Unknown,Media_9_HILICpos,Media_9_HILICpos,196,cyp19a1 KO,ipsc,basal,None,1,C:\Xcalibur\data\Shujian Zheng\03182023_iPSC_Meida_Regularmethods,/Users/mitchjo/Datasets/MorPhic/03182023_iPSC_Meida_Regularmethods/Media_9_HILICpos.raw,C:\Xcalibur\methods\Maheshwor\Metabolomics-Lipidomics-Aria\03222022_MT_HILIC_pos_Aria_FS_60k_20min,,,G:D7,3,,0,0,0,1,,,,,,,
Unknown,Media_9_Rpneg,Media_9_Rpneg,195,cyp19a1 KO,ipsc,basal,None,1,C:\Xcalibur\data\Shujian Zheng\03182023_iPSC_Meida_Regularmethods,/Users/mitchjo/Datasets/MorPhic/03182023_iPSC_Meida_Regularmethods/Media_9_Rpneg.raw,C:\Xcalibur\methods\Maheshwor\Metabolomics-Lipidomics-Aria\20220322_MT_RPneg_Aria_FS_60Kres_20min,,,G:D6,3,,0,0,0,1,,,,,,,
Unknown,Media_9_Rppos,Media_9_Rppos,193,cyp19a1 KO,ipsc,basal,None,1,C:\Xcalibur\data\Shujian Zheng\03182023_iPSC_Meida_Regularmethods,/Users/mitchjo/Datasets/MorPhic/03182023_iPSC_Meida_Regularmethods/Media_9_Rppos.raw,C:\Xcalibur\methods\Maheshwor\Metabolomics-Lipidomics-Aria\20220322_MT_RPpos_Aria_FS_60Kres_20min,,,G:D6,3,,0,0,0,1,,,,,,,
Pooled,Pool_QC_Media_HILICneg_1,Pool_QC_Media_HILICneg_1,14,None,None,None,None,1,C:\Xcalibur\data\Shujian Zheng\03182023_iPSC_Meida_Regularmethods,/Users/mitchjo/Datasets/MorPhic/03182023_iPSC_Meida_Regularmethods/Pool_QC_Media_HILICneg_1.raw,C:\Xcalibur\methods\Maheshwor\Metabolomics-Lipidomics-Aria\03222022_MT_HILIC_neg_Aria_FS_60k_20min,,,B:A8,3,,0,0,0,1,,,,,,,
Pooled,Pool_QC_Media_HILICneg_2,Pool_QC_Media_HILICneg_2,126,None,None,None,None,1,C:\Xcalibur\data\Shujian Zheng\03182023_iPSC_Meida_Regularmethods,/Users/mitchjo/Datasets/MorPhic/03182023_iPSC_Meida_Regularmethods/Pool_QC_Media_HILICneg_2.raw,C:\Xcalibur\methods\Maheshwor\Metabolomics-Lipidomics-Aria\03222022_MT_HILIC_neg_Aria_FS_60k_20min,,,B:A8,3,,0,0,0,1,,,,,,,
Pooled,Pool_QC_Media_HILICneg_3,Pool_QC_Media_HILICneg_3,238,None,None,None,None,1,C:\Xcalibur\data\Shujian Zheng\03182023_iPSC_Meida_Regularmethods,/Users/mitchjo/Datasets/MorPhic/03182023_iPSC_Meida_Regularmethods/Pool_QC_Media_HILICneg_3.raw,C:\Xcalibur\methods\Maheshwor\Metabolomics-Lipidomics-Aria\03222022_MT_HILIC_neg_Aria_FS_60k_20min,,,B:A8,3,,0,0,0,1,,,,,,,
Pooled_DDA,Pool_QC_Media_HILICneg_DDA,Pool_QC_Media_HILICneg_DDA,250,None,None,None,None,1,C:\Xcalibur\data\Shujian Zheng\03182023_iPSC_Meida_Regularmethods,/Users/mitchjo/Datasets/MorPhic/03182023_iPSC_Meida_Regularmethods/Pool_QC_Media_HILICneg_DDA.raw,C:\Xcalibur\methods\Maheshwor\Metabolomics-Lipidomics-Aria\20220322_MT_RPpos_Aria_FS_60Kres_12min_DDA,,,B:A8,3,,0,0,0,1,,,,,,,
Pooled,Pool_QC_Media_HILICpos_1,Pool_QC_Media_HILICpos_1,16,None,None,None,None,1,C:\Xcalibur\data\Shujian Zheng\03182023_iPSC_Meida_Regularmethods,/Users/mitchjo/Datasets/MorPhic/03182023_iPSC_Meida_Regularmethods/Pool_QC_Media_HILICpos_1.raw,C:\Xcalibur\methods\Maheshwor\Metabolomics-Lipidomics-Aria\03222022_MT_HILIC_pos_Aria_FS_60k_20min,,,B:A8,3,,0,0,0,1,,,,,,,
Pooled,Pool_QC_Media_HILICpos_2,Pool_QC_Media_HILICpos_2,128,None,None,None,None,1,C:\Xcalibur\data\Shujian Zheng\03182023_iPSC_Meida_Regularmethods,/Users/mitchjo/Datasets/MorPhic/03182023_iPSC_Meida_Regularmethods/Pool_QC_Media_HILICpos_2.raw,C:\Xcalibur\methods\Maheshwor\Metabolomics-Lipidomics-Aria\03222022_MT_HILIC_pos_Aria_FS_60k_20min,,,B:A8,3,,0,0,0,1,,,,,,,
Pooled,Pool_QC_Media_HILICpos_3,Pool_QC_Media_HILICpos_3,240,None,None,None,None,1,C:\Xcalibur\data\Shujian Zheng\03182023_iPSC_Meida_Regularmethods,/Users/mitchjo/Datasets/MorPhic/03182023_iPSC_Meida_Regularmethods/Pool_QC_Media_HILICpos_3.raw,C:\Xcalibur\methods\Maheshwor\Metabolomics-Lipidomics-Aria\03222022_MT_HILIC_pos_Aria_FS_60k_20min,,,B:A8,3,,0,0,0,1,,,,,,,
Pooled_DDA,Pool_QC_Media_HILICpos_DDA,Pool_QC_Media_HILICpos_DDA,252,None,None,None,None,1,C:\Xcalibur\data\Shujian Zheng\03182023_iPSC_Meida_Regularmethods,/Users/mitchjo/Datasets/MorPhic/03182023_iPSC_Meida_Regularmethods/Pool_QC_Media_HILICpos_DDA.raw,C:\Xcalibur\methods\Maheshwor\Metabolomics-Lipidomics-Aria\20220322_MT_RPneg_Aria_FS_60Kres_12min_DDA,,,B:A8,3,,0,0,0,1,,,,,,,
Pooled,Pool_QC_Media_RPneg_1,Pool_QC_Media_RPneg_1,15,None,None,None,None,1,C:\Xcalibur\data\Shujian Zheng\03182023_iPSC_Meida_Regularmethods,/Users/mitchjo/Datasets/MorPhic/03182023_iPSC_Meida_Regularmethods/Pool_QC_Media_RPneg_1.raw,C:\Xcalibur\methods\Maheshwor\Metabolomics-Lipidomics-Aria\20220322_MT_RPneg_Aria_FS_60Kres_20min,,,B:A7,3,,0,0,0,1,,,,,,,
Pooled,Pool_QC_Media_RPneg_2,Pool_QC_Media_RPneg_2,127,None,None,None,None,1,C:\Xcalibur\data\Shujian Zheng\03182023_iPSC_Meida_Regularmethods,/Users/mitchjo/Datasets/MorPhic/03182023_iPSC_Meida_Regularmethods/Pool_QC_Media_RPneg_2.raw,C:\Xcalibur\methods\Maheshwor\Metabolomics-Lipidomics-Aria\20220322_MT_RPneg_Aria_FS_60Kres_20min,,,B:A7,3,,0,0,0,1,,,,,,,
Pooled,Pool_QC_Media_RPneg_3,Pool_QC_Media_RPneg_3,239,None,None,None,None,1,C:\Xcalibur\data\Shujian Zheng\03182023_iPSC_Meida_Regularmethods,/Users/mitchjo/Datasets/MorPhic/03182023_iPSC_Meida_Regularmethods/Pool_QC_Media_RPneg_3.raw,C:\Xcalibur\methods\Maheshwor\Metabolomics-Lipidomics-Aria\20220322_MT_RPneg_Aria_FS_60Kres_20min,,,B:A7,3,,0,0,0,1,,,,,,,
Pooled_DDA,Pool_QC_Media_RPneg_DDA,Pool_QC_Media_RPneg_DDA,251,None,None,None,None,1,C:\Xcalibur\data\Shujian Zheng\03182023_iPSC_Meida_Regularmethods,/Users/mitchjo/Datasets/MorPhic/03182023_iPSC_Meida_Regularmethods/Pool_QC_Media_RPneg_DDA.raw,C:\Xcalibur\methods\Maheshwor\Metabolomics-Lipidomics-Aria\03222022_MT_HILIC_pos_Aria_FS_60k_12min_DDA,,,B:A7,3,,0,0,0,1,,,,,,,
Pooled,Pool_QC_Media_RPpos_1,Pool_QC_Media_RPpos_1,13,None,None,None,None,1,C:\Xcalibur\data\Shujian Zheng\03182023_iPSC_Meida_Regularmethods,/Users/mitchjo/Datasets/MorPhic/03182023_iPSC_Meida_Regularmethods/Pool_QC_Media_RPpos_1.raw,C:\Xcalibur\methods\Maheshwor\Metabolomics-Lipidomics-Aria\20220322_MT_RPpos_Aria_FS_60Kres_20min,,,B:A7,3,,0,0,0,1,,,,,,,
Pooled,Pool_QC_Media_RPpos_2,Pool_QC_Media_RPpos_2,125,None,None,None,None,1,C:\Xcalibur\data\Shujian Zheng\03182023_iPSC_Meida_Regularmethods,/Users/mitchjo/Datasets/MorPhic/03182023_iPSC_Meida_Regularmethods/Pool_QC_Media_RPpos_2.raw,C:\Xcalibur\methods\Maheshwor\Metabolomics-Lipidomics-Aria\20220322_MT_RPpos_Aria_FS_60Kres_20min,,,B:A7,3,,0,0,0,1,,,,,,,
Pooled,Pool_QC_Media_RPpos_3,Pool_QC_Media_RPpos_3,237,None,None,None,None,1,C:\Xcalibur\data\Shujian Zheng\03182023_iPSC_Meida_Regularmethods,/Users/mitchjo/Datasets/MorPhic/03182023_iPSC_Meida_Regularmethods/Pool_QC_Media_RPpos_3.raw,C:\Xcalibur\methods\Maheshwor\Metabolomics-Lipidomics-Aria\20220322_MT_RPpos_Aria_FS_60Kres_20min,,,B:A7,3,,0,0,0,1,,,,,,,
Pooled_DDA,Pool_QC_Media_RPpos_DDA,Pool_QC_Media_RPpos_DDA,249,None,None,None,None,1,C:\Xcalibur\data\Shujian Zheng\03182023_iPSC_Meida_Regularmethods,/Users/mitchjo/Datasets/MorPhic/03182023_iPSC_Meida_Regularmethods/Pool_QC_Media_RPpos_DDA.raw,C:\Xcalibur\methods\Maheshwor\Metabolomics-Lipidomics-Aria\03222022_MT_HILIC_neg_Aria_FS_60k_12min_DDA,,,B:A7,3,,0,0,0,1,,,,,,,
Qstd,Qstd_HILICneg_1,Qstd_HILICneg_1,10,None,None,None,None,1,C:\Xcalibur\data\Shujian Zheng\03182023_iPSC_Meida_Regularmethods,/Users/mitchjo/Datasets/MorPhic/03182023_iPSC_Meida_Regularmethods/Qstd_HILICneg_1.raw,C:\Xcalibur\methods\Maheshwor\Metabolomics-Lipidomics-Aria\03222022_MT_HILIC_neg_Aria_FS_60k_20min,,,B:A6,2,,0,0,0,1,,,,,,,
Qstd,Qstd_HILICneg_2,Qstd_HILICneg_2,242,None,None,None,None,1,C:\Xcalibur\data\Shujian Zheng\03182023_iPSC_Meida_Regularmethods,/Users/mitchjo/Datasets/MorPhic/03182023_iPSC_Meida_Regularmethods/Qstd_HILICneg_2.raw,C:\Xcalibur\methods\Maheshwor\Metabolomics-Lipidomics-Aria\03222022_MT_HILIC_neg_Aria_FS_60k_20min,,,B:A6,2,,0,0,0,1,,,,,,,
Qstd,Qstd_HILICpos_1,Qstd_HILICpos_1,12,None,None,None,None,1,C:\Xcalibur\data\Shujian Zheng\03182023_iPSC_Meida_Regularmethods,/Users/mitchjo/Datasets/MorPhic/03182023_iPSC_Meida_Regularmethods/Qstd_HILICpos_1.raw,C:\Xcalibur\methods\Maheshwor\Metabolomics-Lipidomics-Aria\03222022_MT_HILIC_pos_Aria_FS_60k_20min,,,B:A6,2,,0,0,0,1,,,,,,,
Qstd,Qstd_HILICpos_2,Qstd_HILICpos_2,244,None,None,None,None,1,C:\Xcalibur\data\Shujian Zheng\03182023_iPSC_Meida_Regularmethods,/Users/mitchjo/Datasets/MorPhic/03182023_iPSC_Meida_Regularmethods/Qstd_HILICpos_2.raw,C:\Xcalibur\methods\Maheshwor\Metabolomics-Lipidomics-Aria\03222022_MT_HILIC_pos_Aria_FS_60k_20min,,,B:A6,2,,0,0,0,1,,,,,,,
Qstd,Qstd_RPneg_1,Qstd_RPneg_1,11,None,None,None,None,1,C:\Xcalibur\data\Shujian Zheng\03182023_iPSC_Meida_Regularmethods,/Users/mitchjo/Datasets/MorPhic/03182023_iPSC_Meida_Regularmethods/Qstd_RPneg_1.raw,C:\Xcalibur\methods\Maheshwor\Metabolomics-Lipidomics-Aria\20220322_MT_RPneg_Aria_FS_60Kres_20min,,,B:A5,2,,0,0,0,1,,,,,,,
Qstd,Qstd_RPneg_2,Qstd_RPneg_2,243,None,None,None,None,1,C:\Xcalibur\data\Shujian Zheng\03182023_iPSC_Meida_Regularmethods,/Users/mitchjo/Datasets/MorPhic/03182023_iPSC_Meida_Regularmethods/Qstd_RPneg_2.raw,C:\Xcalibur\methods\Maheshwor\Metabolomics-Lipidomics-Aria\20220322_MT_RPneg_Aria_FS_60Kres_20min,,,B:A5,2,,0,0,0,1,,,,,,,
Qstd,Qstd_RPpos_1,Qstd_RPpos_1,9,None,None,None,None,1,C:\Xcalibur\data\Shujian Zheng\03182023_iPSC_Meida_Regularmethods,/Users/mitchjo/Datasets/MorPhic/03182023_iPSC_Meida_Regularmethods/Qstd_RPpos_1.raw,C:\Xcalibur\methods\Maheshwor\Metabolomics-Lipidomics-Aria\20220322_MT_RPpos_Aria_FS_60Kres_20min,,,B:A5,2,,0,0,0,1,,,,,,,
Qstd,Qstd_RPpos_2,Qstd_RPpos_2,241,None,None,None,None,1,C:\Xcalibur\data\Shujian Zheng\03182023_iPSC_Meida_Regularmethods,/Users/mitchjo/Datasets/MorPhic/03182023_iPSC_Meida_Regularmethods/Qstd_RPpos_2.raw,C:\Xcalibur\methods\Maheshwor\Metabolomics-Lipidomics-Aria\20220322_MT_RPpos_Aria_FS_60Kres_20min,,,B:A5,2,,0,0,0,1,,,,,,,